Event,EventDate,EventURL,Round,Player1,Player1Avg,Player2,Player2Avg,ScoreRaw,Player1Score,Player2Score,Winner
PDC World Championship,1998-01-04,https://www.dartsdatabase.co.uk/display-event.php?eid=240&tna=PDC World Championship&eda=04/01/1998,Last 24 Group,Gary Mawson,76.8,John Lowe,79.62,3 V 0,3.0,0.0,Gary Mawson
PDC World Championship,1998-01-04,https://www.dartsdatabase.co.uk/display-event.php?eid=240&tna=PDC World Championship&eda=04/01/1998,Last 24 Group,Dennis Priestley,85.83,Eric Bristow,81.54,3 V 0,3.0,0.0,Dennis Priestley
PDC World Championship,1998-01-04,https://www.dartsdatabase.co.uk/display-event.php?eid=240&tna=PDC World Championship&eda=04/01/1998,Last 24 Group,Steve Raw,86.52,Eric Bristow,78.75,3 V 0,3.0,0.0,Steve Raw
PDC World Championship,1998-01-04,https://www.dartsdatabase.co.uk/display-event.php?eid=240&tna=PDC World Championship&eda=04/01/1998,Last 24 Group,Dennis Priestley,96.87,Steve Raw,82.02,3 V 0,3.0,0.0,Dennis Priestley
PDC World Championship,1998-01-04,https://www.dartsdatabase.co.uk/display-event.php?eid=240&tna=PDC World Championship&eda=04/01/1998,Last 24 Group,Peter Manley,90.87,John Lowe,79.62,3 V 0,3.0,0.0,Peter Manley
PDC World Championship,1998-01-04,https://www.dartsdatabase.co.uk/display-event.php?eid=240&tna=PDC World Championship&eda=04/01/1998,Last 24 Group,Peter Manley,91.35,Gary Mawson,86.58,3 V 0,3.0,0.0,Peter Manley
PDC World Championship,1998-01-04,https://www.dartsdatabase.co.uk/display-event.php?eid=240&tna=PDC World Championship&eda=04/01/1998,,Rod Harrington,90.09,Keith Deller,81.69,4 V 1,4.0,1.0,Rod Harrington
PDC World Championship,1998-01-04,https://www.dartsdatabase.co.uk/display-event.php?eid=240&tna=PDC World Championship&eda=04/01/1998,Last 24 Group,Graeme Stoddart,79.68,Mick Manning,69.57,3 V 0,3.0,0.0,Graeme Stoddart
PDC World Championship,1998-01-04,https://www.dartsdatabase.co.uk/display-event.php?eid=240&tna=PDC World Championship&eda=04/01/1998,Last 24 Group,Mick Manning,79.17,Keith Deller,77.82,3 V 2,3.0,2.0,Mick Manning
PDC World Championship,1998-01-04,https://www.dartsdatabase.co.uk/display-event.php?eid=240&tna=PDC World Championship&eda=04/01/1998,Last 24 Group,Alan Warriner-Little,81.3,Steve Brown (US),78.93,3 V 1,3.0,1.0,Alan Warriner-Little
PDC World Championship,1998-01-04,https://www.dartsdatabase.co.uk/display-event.php?eid=240&tna=PDC World Championship&eda=04/01/1998,Last 24 Group,Steve Brown (US),82.86,Harry Robinson,75.99,3 V 2,3.0,2.0,Steve Brown (US)
PDC World Championship,1998-01-04,https://www.dartsdatabase.co.uk/display-event.php?eid=240&tna=PDC World Championship&eda=04/01/1998,Last 24 Group,Harry Robinson,83.67,Alan Warriner-Little,85.26,3 V 0,3.0,0.0,Harry Robinson
PDC World Championship,1998-01-04,https://www.dartsdatabase.co.uk/display-event.php?eid=240&tna=PDC World Championship&eda=04/01/1998,Last 24 Group,Peter Evison,85.62,John Part,85.32,3 V 2,3.0,2.0,Peter Evison
PDC World Championship,1998-01-04,https://www.dartsdatabase.co.uk/display-event.php?eid=240&tna=PDC World Championship&eda=04/01/1998,Last 24 Group,Keith Deller,85.14,Graeme Stoddart,81.66,3 V 1,3.0,1.0,Keith Deller
PDC World Championship,1998-01-04,https://www.dartsdatabase.co.uk/display-event.php?eid=240&tna=PDC World Championship&eda=04/01/1998,Last 24 Group,John Part,81.42,Paul Lim,74.55,3 V 1,3.0,1.0,John Part
PDC World Championship,1998-01-04,https://www.dartsdatabase.co.uk/display-event.php?eid=240&tna=PDC World Championship&eda=04/01/1998,Last 24 Group,Bob Anderson,83.91,Gerald Verrier,76.32,3 V 1,3.0,1.0,Bob Anderson
PDC World Championship,1998-01-04,https://www.dartsdatabase.co.uk/display-event.php?eid=240&tna=PDC World Championship&eda=04/01/1998,Last 24 Group,Rod Harrington,89.61,Jamie Harvey,88.32,3 V 2,3.0,2.0,Rod Harrington
PDC World Championship,1998-01-04,https://www.dartsdatabase.co.uk/display-event.php?eid=240&tna=PDC World Championship&eda=04/01/1998,Last 24 Group,Peter Evison,82.98,Paul Lim,84.3,3 V 0,3.0,0.0,Peter Evison
PDC World Championship,1998-01-04,https://www.dartsdatabase.co.uk/display-event.php?eid=240&tna=PDC World Championship&eda=04/01/1998,Semi Final,Dennis Priestley,87.15,Keith Deller,79.32,5 V 1,5.0,1.0,Dennis Priestley
PDC World Championship,1998-01-04,https://www.dartsdatabase.co.uk/display-event.php?eid=240&tna=PDC World Championship&eda=04/01/1998,Quarter Final,Phil Taylor,98.82,Shayne Burgess,88.83,4 V 0,4.0,0.0,Phil Taylor
PDC World Championship,1998-01-04,https://www.dartsdatabase.co.uk/display-event.php?eid=240&tna=PDC World Championship&eda=04/01/1998,Quarter Final,Rod Harrington,94.53,Peter Evison,84.33,4 V 0,4.0,0.0,Rod Harrington
PDC World Championship,1998-01-04,https://www.dartsdatabase.co.uk/display-event.php?eid=240&tna=PDC World Championship&eda=04/01/1998,Quarter Final,Dennis Priestley,88.08,Peter Manley,88.92,4 V 3,4.0,3.0,Dennis Priestley
PDC World Championship,1998-01-04,https://www.dartsdatabase.co.uk/display-event.php?eid=240&tna=PDC World Championship&eda=04/01/1998,Quarter Final,Keith Deller,79.23,Harry Robinson,81.09,4 V 1,4.0,1.0,Keith Deller
PDC World Championship,1998-01-04,https://www.dartsdatabase.co.uk/display-event.php?eid=240&tna=PDC World Championship&eda=04/01/1998,Last 24 Group,Phil Taylor,83.04,Kevin Spiolek,66.99,3 V 0,3.0,0.0,Phil Taylor
PDC World Championship,1998-01-04,https://www.dartsdatabase.co.uk/display-event.php?eid=240&tna=PDC World Championship&eda=04/01/1998,Semi Final,Phil Taylor,103.08,Rod Harrington,98.01,5 V 2,5.0,2.0,Phil Taylor
PDC World Championship,1998-01-04,https://www.dartsdatabase.co.uk/display-event.php?eid=240&tna=PDC World Championship&eda=04/01/1998,Last 24 Group,Phil Taylor,96.96,Dennis Smith,80.88,3 V 0,3.0,0.0,Phil Taylor
PDC World Championship,1998-01-04,https://www.dartsdatabase.co.uk/display-event.php?eid=240&tna=PDC World Championship&eda=04/01/1998,Last 24 Group,Shayne Burgess,84.39,Bob Anderson,79.59,3 V 0,3.0,0.0,Shayne Burgess
PDC World Championship,1998-01-04,https://www.dartsdatabase.co.uk/display-event.php?eid=240&tna=PDC World Championship&eda=04/01/1998,Last 24 Group,Shayne Burgess,87.03,Gerald Verrier,80.07,3 V 0,3.0,0.0,Shayne Burgess
PDC World Championship,1998-01-04,https://www.dartsdatabase.co.uk/display-event.php?eid=240&tna=PDC World Championship&eda=04/01/1998,Final,Phil Taylor,103.98,Dennis Priestley,90.75,6 V 0,6.0,0.0,Phil Taylor
PDC World Championship,1998-01-04,https://www.dartsdatabase.co.uk/display-event.php?eid=240&tna=PDC World Championship&eda=04/01/1998,Last 24 Group,Jamie Harvey,89.46,John Ferrell,77.55,3 V 0,3.0,0.0,Jamie Harvey
PDC World Championship,1998-01-04,https://www.dartsdatabase.co.uk/display-event.php?eid=240&tna=PDC World Championship&eda=04/01/1998,Last 24 Group,Rod Harrington,81.78,John Ferrell,78.63,3 V 0,3.0,0.0,Rod Harrington
PDC World Championship,1998-01-04,https://www.dartsdatabase.co.uk/display-event.php?eid=240&tna=PDC World Championship&eda=04/01/1998,Last 24 Group,Dennis Smith,81.99,Kevin Spiolek,81.21,3 V 1,3.0,1.0,Dennis Smith
BDO World Championship,1998-01-14,https://www.dartsdatabase.co.uk/display-event.php?eid=22&tna=BDO World Championship&eda=14/01/1998,Last 32,Les Wallace,91.35,Andy Smith,80.04,3 V 2,3.0,2.0,Les Wallace
BDO World Championship,1998-01-14,https://www.dartsdatabase.co.uk/display-event.php?eid=22&tna=BDO World Championship&eda=14/01/1998,Last 32,Ted Hankey,101.55,Wayne Weening,89.1,3 V 0,3.0,0.0,Ted Hankey
BDO World Championship,1998-01-14,https://www.dartsdatabase.co.uk/display-event.php?eid=22&tna=BDO World Championship&eda=14/01/1998,Last 32,Colin Monk,87.6,Richie Davies,87.51,3 V 1,3.0,1.0,Colin Monk
BDO World Championship,1998-01-14,https://www.dartsdatabase.co.uk/display-event.php?eid=22&tna=BDO World Championship&eda=14/01/1998,Last 32,Robbie Widdows,90.24,Martin Adams,90.93,3 V 2,3.0,2.0,Robbie Widdows
BDO World Championship,1998-01-14,https://www.dartsdatabase.co.uk/display-event.php?eid=22&tna=BDO World Championship&eda=14/01/1998,Last 32,Chris Mason,88.32,Geoff Wylie,82.77,3 V 1,3.0,1.0,Chris Mason
BDO World Championship,1998-01-14,https://www.dartsdatabase.co.uk/display-event.php?eid=22&tna=BDO World Championship&eda=14/01/1998,Last 32,Peter Johnstone,85.95,Ronnie Baxter,85.17,3 V 2,3.0,2.0,Peter Johnstone
BDO World Championship,1998-01-14,https://www.dartsdatabase.co.uk/display-event.php?eid=22&tna=BDO World Championship&eda=14/01/1998,Last 32,Bobby George,87.6,Braulio Roncero,81.69,3 V 1,3.0,1.0,Bobby George
BDO World Championship,1998-01-14,https://www.dartsdatabase.co.uk/display-event.php?eid=22&tna=BDO World Championship&eda=14/01/1998,Last 32,Richie Burnett,93.63,Marshall James,88.98,3 V 1,3.0,1.0,Richie Burnett
BDO World Championship,1998-01-14,https://www.dartsdatabase.co.uk/display-event.php?eid=22&tna=BDO World Championship&eda=14/01/1998,Last 32,Sean Palfrey,87.87,Peter Hinkley,80.85,3 V 1,3.0,1.0,Sean Palfrey
BDO World Championship,1998-01-14,https://www.dartsdatabase.co.uk/display-event.php?eid=22&tna=BDO World Championship&eda=14/01/1998,Last 32,Roger Carter,89.88,Bob Taylor,84.3,3 V 1,3.0,1.0,Roger Carter
BDO World Championship,1998-01-14,https://www.dartsdatabase.co.uk/display-event.php?eid=22&tna=BDO World Championship&eda=14/01/1998,Last 32,Roland Scholten,82.77,Co Stompe,81.72,3 V 2,3.0,2.0,Roland Scholten
BDO World Championship,1998-01-14,https://www.dartsdatabase.co.uk/display-event.php?eid=22&tna=BDO World Championship&eda=14/01/1998,Last 32,Steve Beaton,88.62,Paul Williams,90.15,3 V 1,3.0,1.0,Steve Beaton
BDO World Championship,1998-01-14,https://www.dartsdatabase.co.uk/display-event.php?eid=22&tna=BDO World Championship&eda=14/01/1998,Last 32,Kevin Painter,98.88,Erik Clarys,89.37,3 V 1,3.0,1.0,Kevin Painter
BDO World Championship,1998-01-14,https://www.dartsdatabase.co.uk/display-event.php?eid=22&tna=BDO World Championship&eda=14/01/1998,Last 32,Raymond van Barneveld,87.48,Michael Marshall,83.4,3 V 1,3.0,1.0,Raymond van Barneveld
BDO World Championship,1998-01-14,https://www.dartsdatabase.co.uk/display-event.php?eid=22&tna=BDO World Championship&eda=14/01/1998,Last 32,Mervyn King,95.46,Matt Clark,93.42,3 V 0,3.0,0.0,Mervyn King
BDO World Championship,1998-01-14,https://www.dartsdatabase.co.uk/display-event.php?eid=22&tna=BDO World Championship&eda=14/01/1998,Last 16,Roland Scholten,91.47,Roger Carter,89.31,3 V 1,3.0,1.0,Roland Scholten
BDO World Championship,1998-01-14,https://www.dartsdatabase.co.uk/display-event.php?eid=22&tna=BDO World Championship&eda=14/01/1998,Semi Final,Raymond van Barneveld,97.08,Colin Monk,93.12,5 V 3,5.0,3.0,Raymond van Barneveld
BDO World Championship,1998-01-14,https://www.dartsdatabase.co.uk/display-event.php?eid=22&tna=BDO World Championship&eda=14/01/1998,Semi Final,Richie Burnett,93.57,Roland Scholten,84.51,5 V 1,5.0,1.0,Richie Burnett
BDO World Championship,1998-01-14,https://www.dartsdatabase.co.uk/display-event.php?eid=22&tna=BDO World Championship&eda=14/01/1998,Quarter Final,Raymond van Barneveld,95.46,Steve Beaton,93.6,5 V 0,5.0,0.0,Raymond van Barneveld
BDO World Championship,1998-01-14,https://www.dartsdatabase.co.uk/display-event.php?eid=22&tna=BDO World Championship&eda=14/01/1998,Quarter Final,Colin Monk,92.1,Ted Hankey,91.26,5 V 2,5.0,2.0,Colin Monk
BDO World Championship,1998-01-14,https://www.dartsdatabase.co.uk/display-event.php?eid=22&tna=BDO World Championship&eda=14/01/1998,Last 32,Andy Fordham,89.61,Andy Jenkins,81.72,3 V 1,3.0,1.0,Andy Fordham
BDO World Championship,1998-01-14,https://www.dartsdatabase.co.uk/display-event.php?eid=22&tna=BDO World Championship&eda=14/01/1998,Quarter Final,Roland Scholten,90.51,Sean Palfrey,88.56,5 V 4,5.0,4.0,Roland Scholten
BDO World Championship,1998-01-14,https://www.dartsdatabase.co.uk/display-event.php?eid=22&tna=BDO World Championship&eda=14/01/1998,Last 16,Raymond van Barneveld,91.95,Andy Fordham,91.95,3 V 2,3.0,2.0,Raymond van Barneveld
BDO World Championship,1998-01-14,https://www.dartsdatabase.co.uk/display-event.php?eid=22&tna=BDO World Championship&eda=14/01/1998,Quarter Final,Richie Burnett,92.16,Peter Johnstone,86.4,5 V 2,5.0,2.0,Richie Burnett
BDO World Championship,1998-01-14,https://www.dartsdatabase.co.uk/display-event.php?eid=22&tna=BDO World Championship&eda=14/01/1998,Last 16,Ted Hankey,92.37,Mervyn King,92.58,3 V 0,3.0,0.0,Ted Hankey
BDO World Championship,1998-01-14,https://www.dartsdatabase.co.uk/display-event.php?eid=22&tna=BDO World Championship&eda=14/01/1998,Last 16,Colin Monk,91.38,Robbie Widdows,91.08,3 V 2,3.0,2.0,Colin Monk
BDO World Championship,1998-01-14,https://www.dartsdatabase.co.uk/display-event.php?eid=22&tna=BDO World Championship&eda=14/01/1998,Final,Raymond van Barneveld,93.96,Richie Burnett,97.14,6 V 5,6.0,5.0,Raymond van Barneveld
BDO World Championship,1998-01-14,https://www.dartsdatabase.co.uk/display-event.php?eid=22&tna=BDO World Championship&eda=14/01/1998,Last 16,Peter Johnstone,88.44,Chris Mason,88.17,3 V 0,3.0,0.0,Peter Johnstone
BDO World Championship,1998-01-14,https://www.dartsdatabase.co.uk/display-event.php?eid=22&tna=BDO World Championship&eda=14/01/1998,Last 16,Richie Burnett,96.72,Kevin Painter,95.25,3 V 1,3.0,1.0,Richie Burnett
BDO World Championship,1998-01-14,https://www.dartsdatabase.co.uk/display-event.php?eid=22&tna=BDO World Championship&eda=14/01/1998,Last 16,Sean Palfrey,84.24,Bobby George,82.08,3 V 2,3.0,2.0,Sean Palfrey
BDO World Championship,1998-01-14,https://www.dartsdatabase.co.uk/display-event.php?eid=22&tna=BDO World Championship&eda=14/01/1998,Last 16,Steve Beaton,91.17,Les Wallace,87.93,3 V 2,3.0,2.0,Steve Beaton
Finnish Open,1998-04-19,https://www.dartsdatabase.co.uk/display-event.php?eid=613&tna=Finnish Open&eda=19/04/1998,Final,Ronnie Baxter,,Andy Jenkins,,5 V 1,5.0,1.0,Ronnie Baxter
Finnish Open,1998-04-19,https://www.dartsdatabase.co.uk/display-event.php?eid=613&tna=Finnish Open&eda=19/04/1998,Semi Final,Ronnie Baxter,,Paul Williams,,4 V 2,4.0,2.0,Ronnie Baxter
Finnish Open,1998-04-19,https://www.dartsdatabase.co.uk/display-event.php?eid=613&tna=Finnish Open&eda=19/04/1998,Semi Final,Andy Jenkins,,Steve Beaton,,4 V 2,4.0,2.0,Andy Jenkins
British Matchplay,1998-06-30,https://www.dartsdatabase.co.uk/display-event.php?eid=1873&tna=British Matchplay&eda=30/06/1998,Quarter Final,Ronnie Baxter,,Peter Johnstone,,3 V 1,3.0,1.0,Ronnie Baxter
British Matchplay,1998-06-30,https://www.dartsdatabase.co.uk/display-event.php?eid=1873&tna=British Matchplay&eda=30/06/1998,Quarter Final,Sean Palfrey,,Roland Scholten,,3 V 2,3.0,2.0,Sean Palfrey
British Matchplay,1998-06-30,https://www.dartsdatabase.co.uk/display-event.php?eid=1873&tna=British Matchplay&eda=30/06/1998,Quarter Final,Steve Beaton,,Colin Monk,,3 V 0,3.0,0.0,Steve Beaton
British Matchplay,1998-06-30,https://www.dartsdatabase.co.uk/display-event.php?eid=1873&tna=British Matchplay&eda=30/06/1998,Semi Final,Ronnie Baxter,,Sean Palfrey,,3 V 0,3.0,0.0,Ronnie Baxter
British Matchplay,1998-06-30,https://www.dartsdatabase.co.uk/display-event.php?eid=1873&tna=British Matchplay&eda=30/06/1998,Semi Final,Richie Davies,,Steve Beaton,,3 V 1,3.0,1.0,Richie Davies
British Matchplay,1998-06-30,https://www.dartsdatabase.co.uk/display-event.php?eid=1873&tna=British Matchplay&eda=30/06/1998,Final,Ronnie Baxter,,Richie Davies,,3 V 1,3.0,1.0,Ronnie Baxter
British Matchplay,1998-06-30,https://www.dartsdatabase.co.uk/display-event.php?eid=1873&tna=British Matchplay&eda=30/06/1998,Quarter Final,Richie Davies,,Martin Adams,,3 V 0,3.0,0.0,Richie Davies
British Teenage Open,1998-07-28,https://www.dartsdatabase.co.uk/display-event.php?eid=2338&tna=British Teenage Open&eda=28/07/1998,Final,Michael Wiles,,Lee Ward,,3 V 1,3.0,1.0,Michael Wiles
World Matchplay,1998-07-29,https://www.dartsdatabase.co.uk/display-event.php?eid=254&tna=World Matchplay&eda=29/07/1998,Last 32,Rod Harrington,,Kevin Spiolek,,8 V 4,8.0,4.0,Rod Harrington
World Matchplay,1998-07-29,https://www.dartsdatabase.co.uk/display-event.php?eid=254&tna=World Matchplay&eda=29/07/1998,Last 32,Gary Mawson,,Paul Lim,,9 V 7,9.0,7.0,Gary Mawson
World Matchplay,1998-07-29,https://www.dartsdatabase.co.uk/display-event.php?eid=254&tna=World Matchplay&eda=29/07/1998,Last 32,Keith Deller,,Peter Evison,,8 V 4,8.0,4.0,Keith Deller
World Matchplay,1998-07-29,https://www.dartsdatabase.co.uk/display-event.php?eid=254&tna=World Matchplay&eda=29/07/1998,Last 32,Jamie Harvey,,Steve Raw,,8 V 6,8.0,6.0,Jamie Harvey
World Matchplay,1998-07-29,https://www.dartsdatabase.co.uk/display-event.php?eid=254&tna=World Matchplay&eda=29/07/1998,Last 32,Alan Warriner-Little,,Harry Robinson,,8 V 2,8.0,2.0,Alan Warriner-Little
World Matchplay,1998-07-29,https://www.dartsdatabase.co.uk/display-event.php?eid=254&tna=World Matchplay&eda=29/07/1998,Last 32,Steve Beaton,,Shayne Burgess,,8 V 4,8.0,4.0,Steve Beaton
World Matchplay,1998-07-29,https://www.dartsdatabase.co.uk/display-event.php?eid=254&tna=World Matchplay&eda=29/07/1998,Last 32,Chris Mason,,John Part,,8 V 5,8.0,5.0,Chris Mason
World Matchplay,1998-07-29,https://www.dartsdatabase.co.uk/display-event.php?eid=254&tna=World Matchplay&eda=29/07/1998,Last 32,Phil Taylor,,Graeme Stoddart,,8 V 1,8.0,1.0,Phil Taylor
World Matchplay,1998-07-29,https://www.dartsdatabase.co.uk/display-event.php?eid=254&tna=World Matchplay&eda=29/07/1998,Last 32,Gerald Verrier,,Eric Bristow,,8 V 5,8.0,5.0,Gerald Verrier
World Matchplay,1998-07-29,https://www.dartsdatabase.co.uk/display-event.php?eid=254&tna=World Matchplay&eda=29/07/1998,Last 32,John Ferrell,,Dennis Priestley,,9 V 7,9.0,7.0,John Ferrell
World Matchplay,1998-07-29,https://www.dartsdatabase.co.uk/display-event.php?eid=254&tna=World Matchplay&eda=29/07/1998,Last 32,Robbie Widdows,,John Lowe,,8 V 6,8.0,6.0,Robbie Widdows
World Matchplay,1998-07-29,https://www.dartsdatabase.co.uk/display-event.php?eid=254&tna=World Matchplay&eda=29/07/1998,Last 32,Peter Manley,,Ritchie Gardner,,8 V 5,8.0,5.0,Peter Manley
World Matchplay,1998-07-29,https://www.dartsdatabase.co.uk/display-event.php?eid=254&tna=World Matchplay&eda=29/07/1998,Last 32,Ronnie Baxter,,Andy Jenkins,,14 V 12,14.0,12.0,Ronnie Baxter
World Matchplay,1998-07-29,https://www.dartsdatabase.co.uk/display-event.php?eid=254&tna=World Matchplay&eda=29/07/1998,Last 32,Mick Manning,,Reg Harding,,9 V 7,9.0,7.0,Mick Manning
World Matchplay,1998-07-29,https://www.dartsdatabase.co.uk/display-event.php?eid=254&tna=World Matchplay&eda=29/07/1998,Last 32,Bob Anderson,,Cliff Lazarenko,,8 V 2,8.0,2.0,Bob Anderson
World Matchplay,1998-07-29,https://www.dartsdatabase.co.uk/display-event.php?eid=254&tna=World Matchplay&eda=29/07/1998,Last 16,Rod Harrington,,Gary Mawson,,8 V 0,8.0,0.0,Rod Harrington
World Matchplay,1998-07-29,https://www.dartsdatabase.co.uk/display-event.php?eid=254&tna=World Matchplay&eda=29/07/1998,Final,Rod Harrington,,Ronnie Baxter,,19 V 17,19.0,17.0,Rod Harrington
World Matchplay,1998-07-29,https://www.dartsdatabase.co.uk/display-event.php?eid=254&tna=World Matchplay&eda=29/07/1998,Last 32,Steve Brown (US),,Dennis Smith,,8 V 4,8.0,4.0,Steve Brown (US)
World Matchplay,1998-07-29,https://www.dartsdatabase.co.uk/display-event.php?eid=254&tna=World Matchplay&eda=29/07/1998,Semi Final,Ronnie Baxter,,Chris Mason,,13 V 11,13.0,11.0,Ronnie Baxter
World Matchplay,1998-07-29,https://www.dartsdatabase.co.uk/display-event.php?eid=254&tna=World Matchplay&eda=29/07/1998,Quarter Final,Rod Harrington,,Bob Anderson,,14 V 12,14.0,12.0,Rod Harrington
World Matchplay,1998-07-29,https://www.dartsdatabase.co.uk/display-event.php?eid=254&tna=World Matchplay&eda=29/07/1998,Quarter Final,Keith Deller,,Peter Manley,,13 V 9,13.0,9.0,Keith Deller
World Matchplay,1998-07-29,https://www.dartsdatabase.co.uk/display-event.php?eid=254&tna=World Matchplay&eda=29/07/1998,Quarter Final,Chris Mason,,Steve Beaton,,13 V 6,13.0,6.0,Chris Mason
World Matchplay,1998-07-29,https://www.dartsdatabase.co.uk/display-event.php?eid=254&tna=World Matchplay&eda=29/07/1998,Quarter Final,Ronnie Baxter,,Phil Taylor,,13 V 10,13.0,10.0,Ronnie Baxter
World Matchplay,1998-07-29,https://www.dartsdatabase.co.uk/display-event.php?eid=254&tna=World Matchplay&eda=29/07/1998,Semi Final,Rod Harrington,,Keith Deller,,13 V 10,13.0,10.0,Rod Harrington
World Matchplay,1998-07-29,https://www.dartsdatabase.co.uk/display-event.php?eid=254&tna=World Matchplay&eda=29/07/1998,Last 16,Keith Deller,,Mick Manning,,8 V 6,8.0,6.0,Keith Deller
World Matchplay,1998-07-29,https://www.dartsdatabase.co.uk/display-event.php?eid=254&tna=World Matchplay&eda=29/07/1998,Last 16,Peter Manley,,Jamie Harvey,,8 V 6,8.0,6.0,Peter Manley
World Matchplay,1998-07-29,https://www.dartsdatabase.co.uk/display-event.php?eid=254&tna=World Matchplay&eda=29/07/1998,Last 16,Bob Anderson,,Steve Brown (US),,8 V 4,8.0,4.0,Bob Anderson
World Matchplay,1998-07-29,https://www.dartsdatabase.co.uk/display-event.php?eid=254&tna=World Matchplay&eda=29/07/1998,Last 16,Ronnie Baxter,,John Ferrell,,8 V 5,8.0,5.0,Ronnie Baxter
World Matchplay,1998-07-29,https://www.dartsdatabase.co.uk/display-event.php?eid=254&tna=World Matchplay&eda=29/07/1998,Last 16,Steve Beaton,,Alan Warriner-Little,,10 V 8,10.0,8.0,Steve Beaton
World Matchplay,1998-07-29,https://www.dartsdatabase.co.uk/display-event.php?eid=254&tna=World Matchplay&eda=29/07/1998,Last 16,Phil Taylor,,Robbie Widdows,,8 V 2,8.0,2.0,Phil Taylor
World Matchplay,1998-07-29,https://www.dartsdatabase.co.uk/display-event.php?eid=254&tna=World Matchplay&eda=29/07/1998,Last 16,Chris Mason,,Gerald Verrier,,8 V 3,8.0,3.0,Chris Mason
WDF Europe Cup Singles,1998-09-23,https://www.dartsdatabase.co.uk/display-event.php?eid=955&tna=WDF Europe Cup Singles&eda=23/09/1998,Last 128,Stefan Nagy,,David Field,,4 V 0,4.0,0.0,Stefan Nagy
WDF Europe Cup Singles,1998-09-23,https://www.dartsdatabase.co.uk/display-event.php?eid=955&tna=WDF Europe Cup Singles&eda=23/09/1998,Last 128,Paolo Urbani,,Petur Gronagard,,4 V 2,4.0,2.0,Paolo Urbani
WDF Europe Cup Singles,1998-09-23,https://www.dartsdatabase.co.uk/display-event.php?eid=955&tna=WDF Europe Cup Singles&eda=23/09/1998,Last 128,Martin Phillips,,Marko Pusa,,4 V 1,4.0,1.0,Martin Phillips
WDF Europe Cup Singles,1998-09-23,https://www.dartsdatabase.co.uk/display-event.php?eid=955&tna=WDF Europe Cup Singles&eda=23/09/1998,Last 128,Richard Reitveld,,Oil Sigurdsson,,4 V 1,4.0,1.0,Richard Reitveld
WDF Europe Cup Singles,1998-09-23,https://www.dartsdatabase.co.uk/display-event.php?eid=955&tna=WDF Europe Cup Singles&eda=23/09/1998,Last 128,Andy Fordham,,Charles Ghiller,,4 V 1,4.0,1.0,Andy Fordham
WDF Europe Cup Singles,1998-09-23,https://www.dartsdatabase.co.uk/display-event.php?eid=955&tna=WDF Europe Cup Singles&eda=23/09/1998,Last 128,Brian Elder,,Jerome Zeleny,,4 V 0,4.0,0.0,Brian Elder
WDF Europe Cup Singles,1998-09-23,https://www.dartsdatabase.co.uk/display-event.php?eid=955&tna=WDF Europe Cup Singles&eda=23/09/1998,Last 128,Rene Handschin,,Ermos Korradou,,4 V 3,4.0,3.0,Rene Handschin
WDF Europe Cup Singles,1998-09-23,https://www.dartsdatabase.co.uk/display-event.php?eid=955&tna=WDF Europe Cup Singles&eda=23/09/1998,Last 128,Les Wallace,,Tibor Kiss,,4 V 3,4.0,3.0,Les Wallace
WDF Europe Cup Singles,1998-09-23,https://www.dartsdatabase.co.uk/display-event.php?eid=955&tna=WDF Europe Cup Singles&eda=23/09/1998,Last 128,Colin Rice,,Johnny Neale,,4 V 0,4.0,0.0,Colin Rice
WDF Europe Cup Singles,1998-09-23,https://www.dartsdatabase.co.uk/display-event.php?eid=955&tna=WDF Europe Cup Singles&eda=23/09/1998,Last 128,Jack McKenna,,Vidar Samuelsen,,4 V 2,4.0,2.0,Jack McKenna
WDF Europe Cup Singles,1998-09-23,https://www.dartsdatabase.co.uk/display-event.php?eid=955&tna=WDF Europe Cup Singles&eda=23/09/1998,Last 128,Tanguy Borra,,Chrystian Le Borgne,,4 V 1,4.0,1.0,Tanguy Borra
WDF Europe Cup Singles,1998-09-23,https://www.dartsdatabase.co.uk/display-event.php?eid=955&tna=WDF Europe Cup Singles&eda=23/09/1998,Last 128,Jaroslav Mottl,,Maurizio Moretti,,4 V 3,4.0,3.0,Jaroslav Mottl
WDF Europe Cup Singles,1998-09-23,https://www.dartsdatabase.co.uk/display-event.php?eid=955&tna=WDF Europe Cup Singles&eda=23/09/1998,Last 128,Chris van den Bergh,,Jaroslav Zenisek,,4 V 0,4.0,0.0,Chris van den Bergh
WDF Europe Cup Singles,1998-09-23,https://www.dartsdatabase.co.uk/display-event.php?eid=955&tna=WDF Europe Cup Singles&eda=23/09/1998,Last 128,Bjarne Iversen,,Geoff Hurst,,4 V 0,4.0,0.0,Bjarne Iversen
WDF Europe Cup Singles,1998-09-23,https://www.dartsdatabase.co.uk/display-event.php?eid=955&tna=WDF Europe Cup Singles&eda=23/09/1998,Last 128,George Federico,,Nils Gunnar Manshed,,4 V 3,4.0,3.0,George Federico
WDF Europe Cup Singles,1998-09-23,https://www.dartsdatabase.co.uk/display-event.php?eid=955&tna=WDF Europe Cup Singles&eda=23/09/1998,Last 128,Tony Dawkins,,Thorgeir Gudmundsson,,4 V 1,4.0,1.0,Tony Dawkins
WDF Europe Cup Singles,1998-09-23,https://www.dartsdatabase.co.uk/display-event.php?eid=955&tna=WDF Europe Cup Singles&eda=23/09/1998,Last 64,John Elder,,Blaine Karst,,4 V 2,4.0,2.0,John Elder
WDF Europe Cup Singles,1998-09-23,https://www.dartsdatabase.co.uk/display-event.php?eid=955&tna=WDF Europe Cup Singles&eda=23/09/1998,Last 64,Terje Deras,,Godfrey Abela,,4 V 1,4.0,1.0,Terje Deras
WDF Europe Cup Singles,1998-09-23,https://www.dartsdatabase.co.uk/display-event.php?eid=955&tna=WDF Europe Cup Singles&eda=23/09/1998,Last 64,Martin Adams,,Oldrich Sulc,,4 V 0,4.0,0.0,Martin Adams
WDF Europe Cup Singles,1998-09-23,https://www.dartsdatabase.co.uk/display-event.php?eid=955&tna=WDF Europe Cup Singles&eda=23/09/1998,Last 64,Erik Clarys,,Attila Kulcsar,,4 V 0,4.0,0.0,Erik Clarys
WDF Europe Cup Singles,1998-09-23,https://www.dartsdatabase.co.uk/display-event.php?eid=955&tna=WDF Europe Cup Singles&eda=23/09/1998,Last 64,Raymond van Barneveld,,Bernd Hebecker,,4 V 0,4.0,0.0,Raymond van Barneveld
WDF Europe Cup Singles,1998-09-23,https://www.dartsdatabase.co.uk/display-event.php?eid=955&tna=WDF Europe Cup Singles&eda=23/09/1998,Last 64,George Trypiniotis,,Janus Jacobsen,,4 V 2,4.0,2.0,George Trypiniotis
WDF Europe Cup Singles,1998-09-23,https://www.dartsdatabase.co.uk/display-event.php?eid=955&tna=WDF Europe Cup Singles&eda=23/09/1998,Last 128,Demetris Georgiou,,Paris Chloros,,4 V 0,4.0,0.0,Demetris Georgiou
WDF Europe Cup Singles,1998-09-23,https://www.dartsdatabase.co.uk/display-event.php?eid=955&tna=WDF Europe Cup Singles&eda=23/09/1998,Last 64,Marko Kantele,,Mike Veitch,,4 V 3,4.0,3.0,Marko Kantele
WDF Europe Cup Singles,1998-09-23,https://www.dartsdatabase.co.uk/display-event.php?eid=955&tna=WDF Europe Cup Singles&eda=23/09/1998,Last 64,Marshall James,,George Federico,,4 V 1,4.0,1.0,Marshall James
WDF Europe Cup Singles,1998-09-23,https://www.dartsdatabase.co.uk/display-event.php?eid=955&tna=WDF Europe Cup Singles&eda=23/09/1998,Last 128,Bob Taylor,,Ronnie Baxter,,4 V 2,4.0,2.0,Bob Taylor
WDF Europe Cup Singles,1998-09-23,https://www.dartsdatabase.co.uk/display-event.php?eid=955&tna=WDF Europe Cup Singles&eda=23/09/1998,Last 128,Roland Scholten,,Andree Welge,,4 V 2,4.0,2.0,Roland Scholten
WDF Europe Cup Singles,1998-09-23,https://www.dartsdatabase.co.uk/display-event.php?eid=955&tna=WDF Europe Cup Singles&eda=23/09/1998,Last 128,Louis Doherty,,John Burke,,4 V 0,4.0,0.0,Louis Doherty
WDF Europe Cup Singles,1998-09-23,https://www.dartsdatabase.co.uk/display-event.php?eid=955&tna=WDF Europe Cup Singles&eda=23/09/1998,Last 128,Steve Beaton,,Axel Tschinkowitz,,4 V 0,4.0,0.0,Steve Beaton
WDF Europe Cup Singles,1998-09-23,https://www.dartsdatabase.co.uk/display-event.php?eid=955&tna=WDF Europe Cup Singles&eda=23/09/1998,Last 128,Richie Davies,,Mikael Mortensen,,4 V 0,4.0,0.0,Richie Davies
WDF Europe Cup Singles,1998-09-23,https://www.dartsdatabase.co.uk/display-event.php?eid=955&tna=WDF Europe Cup Singles&eda=23/09/1998,Last 64,John Magowan,,Stephane Delancon,,4 V 1,4.0,1.0,John Magowan
WDF Europe Cup Singles,1998-09-23,https://www.dartsdatabase.co.uk/display-event.php?eid=955&tna=WDF Europe Cup Singles&eda=23/09/1998,Last 128,Sean Palfrey,,Uldis Erkskis,,4 V 0,4.0,0.0,Sean Palfrey
WDF Europe Cup Singles,1998-09-23,https://www.dartsdatabase.co.uk/display-event.php?eid=955&tna=WDF Europe Cup Singles&eda=23/09/1998,Last 128,John Elder,,Jean-Luc Mortelec,,4 V 2,4.0,2.0,John Elder
WDF Europe Cup Singles,1998-09-23,https://www.dartsdatabase.co.uk/display-event.php?eid=955&tna=WDF Europe Cup Singles&eda=23/09/1998,Last 128,Stelios Laskaris,,Franz Thaler,,4 V 1,4.0,1.0,Stelios Laskaris
WDF Europe Cup Singles,1998-09-23,https://www.dartsdatabase.co.uk/display-event.php?eid=955&tna=WDF Europe Cup Singles&eda=23/09/1998,Last 64,Andreas Krockel,,Andreas Podilatas,,4 V 0,4.0,0.0,Andreas Krockel
WDF Europe Cup Team,1998-09-23,https://www.dartsdatabase.co.uk/display-event.php?eid=6305&tna=WDF Europe Cup Team&eda=23/09/1998,Last 16,Northern Ireland,,Malta,,9 V 4,9.0,4.0,Northern Ireland
WDF Europe Cup Team,1998-09-23,https://www.dartsdatabase.co.uk/display-event.php?eid=6305&tna=WDF Europe Cup Team&eda=23/09/1998,Last 16,Belgium,,Denmark,,9 V 7,9.0,7.0,Belgium
WDF Europe Cup Team,1998-09-23,https://www.dartsdatabase.co.uk/display-event.php?eid=6305&tna=WDF Europe Cup Team&eda=23/09/1998,Last 16,Germany,,Switzerland,,9 V 2,9.0,2.0,Germany
WDF Europe Cup Team,1998-09-23,https://www.dartsdatabase.co.uk/display-event.php?eid=6305&tna=WDF Europe Cup Team&eda=23/09/1998,Last 16,Netherlands,,Iceland,,9 V 2,9.0,2.0,Netherlands
WDF Europe Cup Team,1998-09-23,https://www.dartsdatabase.co.uk/display-event.php?eid=6305&tna=WDF Europe Cup Team&eda=23/09/1998,Last 16,Wales,,Norway,,9 V 0,9.0,0.0,Wales
WDF Europe Cup Team,1998-09-23,https://www.dartsdatabase.co.uk/display-event.php?eid=6305&tna=WDF Europe Cup Team&eda=23/09/1998,Last 16,Scotland,,Hungary,,9 V 5,9.0,5.0,Scotland
WDF Europe Cup Team,1998-09-23,https://www.dartsdatabase.co.uk/display-event.php?eid=6305&tna=WDF Europe Cup Team&eda=23/09/1998,Last 16,Ireland,,Sweden,,9 V 6,9.0,6.0,Ireland
WDF Europe Cup Team,1998-09-23,https://www.dartsdatabase.co.uk/display-event.php?eid=6305&tna=WDF Europe Cup Team&eda=23/09/1998,Last 16,England,,Gibraltar,,9 V 0,9.0,0.0,England
WDF Europe Cup Team,1998-09-23,https://www.dartsdatabase.co.uk/display-event.php?eid=6305&tna=WDF Europe Cup Team&eda=23/09/1998,Quarter Final,Belgium,,Northern Ireland,,9 V 4,9.0,4.0,Belgium
WDF Europe Cup Team,1998-09-23,https://www.dartsdatabase.co.uk/display-event.php?eid=6305&tna=WDF Europe Cup Team&eda=23/09/1998,Quarter Final,Netherlands,,Germany,,9 V 7,9.0,7.0,Netherlands
WDF Europe Cup Team,1998-09-23,https://www.dartsdatabase.co.uk/display-event.php?eid=6305&tna=WDF Europe Cup Team&eda=23/09/1998,Quarter Final,Scotland,,Wales,,9 V 7,9.0,7.0,Scotland
WDF Europe Cup Team,1998-09-23,https://www.dartsdatabase.co.uk/display-event.php?eid=6305&tna=WDF Europe Cup Team&eda=23/09/1998,Quarter Final,England,,Ireland,,9 V 2,9.0,2.0,England
WDF Europe Cup Team,1998-09-23,https://www.dartsdatabase.co.uk/display-event.php?eid=6305&tna=WDF Europe Cup Team&eda=23/09/1998,Semi Final,Belgium,,Netherlands,,9 V 3,9.0,3.0,Belgium
WDF Europe Cup Singles,1998-09-23,https://www.dartsdatabase.co.uk/display-event.php?eid=955&tna=WDF Europe Cup Singles&eda=23/09/1998,Last 128,Co Stompe,,Poul Poulsen,,4 V 0,4.0,0.0,Co Stompe
WDF Europe Cup Team,1998-09-23,https://www.dartsdatabase.co.uk/display-event.php?eid=6305&tna=WDF Europe Cup Team&eda=23/09/1998,Semi Final,England,,Scotland,,9 V 7,9.0,7.0,England
WDF Europe Cup Pairs,1998-09-23,https://www.dartsdatabase.co.uk/display-event.php?eid=3531&tna=WDF Europe Cup Pairs&eda=23/09/1998,Final,Martin Phillips+Sean Palfrey,,Mike Veitch+Peter Johnstone,,4 V 1,4.0,1.0,Martin Phillips+Sean Palfrey
WDF Europe Cup Singles,1998-09-23,https://www.dartsdatabase.co.uk/display-event.php?eid=955&tna=WDF Europe Cup Singles&eda=23/09/1998,Last 128,Stephane Delancon,,Ole Jorgensen,,4 V 3,4.0,3.0,Stephane Delancon
WDF Europe Cup Singles,1998-09-23,https://www.dartsdatabase.co.uk/display-event.php?eid=955&tna=WDF Europe Cup Singles&eda=23/09/1998,Last 128,John Magowan,,Christos Pantazopoulis,,4 V 2,4.0,2.0,John Magowan
WDF Europe Cup Singles,1998-09-23,https://www.dartsdatabase.co.uk/display-event.php?eid=955&tna=WDF Europe Cup Singles&eda=23/09/1998,Last 128,Marko Kantele,,Urs Von Rufs,,4 V 3,4.0,3.0,Marko Kantele
WDF Europe Cup Singles,1998-09-23,https://www.dartsdatabase.co.uk/display-event.php?eid=955&tna=WDF Europe Cup Singles&eda=23/09/1998,Last 128,Janus Jacobsen,,Paul Whitehead,,4 V 1,4.0,1.0,Janus Jacobsen
WDF Europe Cup Singles,1998-09-23,https://www.dartsdatabase.co.uk/display-event.php?eid=955&tna=WDF Europe Cup Singles&eda=23/09/1998,Last 128,Bernd Hebecker,,Dzintars Salmins,,4 V 0,4.0,0.0,Bernd Hebecker
WDF Europe Cup Singles,1998-09-23,https://www.dartsdatabase.co.uk/display-event.php?eid=955&tna=WDF Europe Cup Singles&eda=23/09/1998,Last 128,Attila Kulcsar,,Boris Hristovski,,4 V 0,4.0,0.0,Attila Kulcsar
WDF Europe Cup Singles,1998-09-23,https://www.dartsdatabase.co.uk/display-event.php?eid=955&tna=WDF Europe Cup Singles&eda=23/09/1998,Last 128,Erik Clarys,,Luca Falsetti,,4 V 2,4.0,2.0,Erik Clarys
WDF Europe Cup Singles,1998-09-23,https://www.dartsdatabase.co.uk/display-event.php?eid=955&tna=WDF Europe Cup Singles&eda=23/09/1998,Last 128,Oldrich Sulc,,Seamus Gormley,,4 V 3,4.0,3.0,Oldrich Sulc
WDF Europe Cup Singles,1998-09-23,https://www.dartsdatabase.co.uk/display-event.php?eid=955&tna=WDF Europe Cup Singles&eda=23/09/1998,Last 128,Andreas Podilatas,,Attila Port,,4 V 2,4.0,2.0,Andreas Podilatas
WDF Europe Cup Singles,1998-09-23,https://www.dartsdatabase.co.uk/display-event.php?eid=955&tna=WDF Europe Cup Singles&eda=23/09/1998,Last 128,Andreas Krockel,,Luc Vriesacker,,4 V 2,4.0,2.0,Andreas Krockel
WDF Europe Cup Singles,1998-09-23,https://www.dartsdatabase.co.uk/display-event.php?eid=955&tna=WDF Europe Cup Singles&eda=23/09/1998,Last 128,Jarkko Komula,,Francis Taylor,,4 V 3,4.0,3.0,Jarkko Komula
WDF Europe Cup Singles,1998-09-23,https://www.dartsdatabase.co.uk/display-event.php?eid=955&tna=WDF Europe Cup Singles&eda=23/09/1998,Last 128,Frede Johansen,,Gaudenz Coray,,4 V 0,4.0,0.0,Frede Johansen
WDF Europe Cup Singles,1998-09-23,https://www.dartsdatabase.co.uk/display-event.php?eid=955&tna=WDF Europe Cup Singles&eda=23/09/1998,Last 128,Peter Brolin,,Vincent Busuttil,,4 V 3,4.0,3.0,Peter Brolin
WDF Europe Cup Team,1998-09-23,https://www.dartsdatabase.co.uk/display-event.php?eid=6305&tna=WDF Europe Cup Team&eda=23/09/1998,Final,England,,Belgium,,9 V 5,9.0,5.0,England
WDF Europe Cup Singles,1998-09-23,https://www.dartsdatabase.co.uk/display-event.php?eid=955&tna=WDF Europe Cup Singles&eda=23/09/1998,Last 64,Jarkko Komula,,John Sandaker,,4 V 1,4.0,1.0,Jarkko Komula
WDF Europe Cup Singles,1998-09-23,https://www.dartsdatabase.co.uk/display-event.php?eid=955&tna=WDF Europe Cup Singles&eda=23/09/1998,Last 128,Terje Deras,,Kristinn Kristinnsson,,4 V 1,4.0,1.0,Terje Deras
WDF Europe Cup Singles,1998-09-23,https://www.dartsdatabase.co.uk/display-event.php?eid=955&tna=WDF Europe Cup Singles&eda=23/09/1998,Last 64,Peter Brolin,,Charlie Cover,,4 V 0,4.0,0.0,Peter Brolin
WDF Europe Cup Singles,1998-09-23,https://www.dartsdatabase.co.uk/display-event.php?eid=955&tna=WDF Europe Cup Singles&eda=23/09/1998,Last 16,Raymond van Barneveld,,Martin Adams,,4 V 2,4.0,2.0,Raymond van Barneveld
WDF Europe Cup Singles,1998-09-23,https://www.dartsdatabase.co.uk/display-event.php?eid=955&tna=WDF Europe Cup Singles&eda=23/09/1998,Last 16,John Elder,,Jarkko Komula,,4 V 2,4.0,2.0,John Elder
WDF Europe Cup Singles,1998-09-23,https://www.dartsdatabase.co.uk/display-event.php?eid=955&tna=WDF Europe Cup Singles&eda=23/09/1998,Last 16,Co Stompe,,Sean Palfrey,,4 V 2,4.0,2.0,Co Stompe
WDF Europe Cup Singles,1998-09-23,https://www.dartsdatabase.co.uk/display-event.php?eid=955&tna=WDF Europe Cup Singles&eda=23/09/1998,Last 16,Andy Fordham,,Martin Phillips,,4 V 1,4.0,1.0,Andy Fordham
WDF Europe Cup Singles,1998-09-23,https://www.dartsdatabase.co.uk/display-event.php?eid=955&tna=WDF Europe Cup Singles&eda=23/09/1998,Last 16,Les Wallace,,Colin Rice,,4 V 2,4.0,2.0,Les Wallace
WDF Europe Cup Singles,1998-09-23,https://www.dartsdatabase.co.uk/display-event.php?eid=955&tna=WDF Europe Cup Singles&eda=23/09/1998,Last 16,Bjarne Iversen,,Tanguy Borra,,4 V 2,4.0,2.0,Bjarne Iversen
WDF Europe Cup Singles,1998-09-23,https://www.dartsdatabase.co.uk/display-event.php?eid=955&tna=WDF Europe Cup Singles&eda=23/09/1998,Last 16,Richie Davies,,Roland Scholten,,4 V 1,4.0,1.0,Richie Davies
WDF Europe Cup Singles,1998-09-23,https://www.dartsdatabase.co.uk/display-event.php?eid=955&tna=WDF Europe Cup Singles&eda=23/09/1998,Quarter Final,Marshall James,,Raymond van Barneveld,,4 V 2,4.0,2.0,Marshall James
WDF Europe Cup Singles,1998-09-23,https://www.dartsdatabase.co.uk/display-event.php?eid=955&tna=WDF Europe Cup Singles&eda=23/09/1998,Quarter Final,Co Stompe,,John Elder,,4 V 1,4.0,1.0,Co Stompe
WDF Europe Cup Singles,1998-09-23,https://www.dartsdatabase.co.uk/display-event.php?eid=955&tna=WDF Europe Cup Singles&eda=23/09/1998,Quarter Final,Andy Fordham,,Les Wallace,,4 V 1,4.0,1.0,Andy Fordham
WDF Europe Cup Singles,1998-09-23,https://www.dartsdatabase.co.uk/display-event.php?eid=955&tna=WDF Europe Cup Singles&eda=23/09/1998,Quarter Final,Richie Davies,,Bjarne Iversen,,4 V 1,4.0,1.0,Richie Davies
WDF Europe Cup Singles,1998-09-23,https://www.dartsdatabase.co.uk/display-event.php?eid=955&tna=WDF Europe Cup Singles&eda=23/09/1998,Semi Final,Co Stompe,,Marshall James,,4 V 2,4.0,2.0,Co Stompe
WDF Europe Cup Singles,1998-09-23,https://www.dartsdatabase.co.uk/display-event.php?eid=955&tna=WDF Europe Cup Singles&eda=23/09/1998,Semi Final,Andy Fordham,,Richie Davies,,4 V 1,4.0,1.0,Andy Fordham
WDF Europe Cup Singles,1998-09-23,https://www.dartsdatabase.co.uk/display-event.php?eid=955&tna=WDF Europe Cup Singles&eda=23/09/1998,Final,Co Stompe,,Andy Fordham,,4 V 2,4.0,2.0,Co Stompe
WDF Europe Cup Singles,1998-09-23,https://www.dartsdatabase.co.uk/display-event.php?eid=955&tna=WDF Europe Cup Singles&eda=23/09/1998,Last 32,Roland Scholten,,Louis Doherty,,4 V 2,4.0,2.0,Roland Scholten
Womens WDF Europe Cup,1998-09-23,https://www.dartsdatabase.co.uk/display-event.php?eid=3568&tna=Womens WDF Europe Cup&eda=23/09/1998,Last 16,Tarja Salminen,,Loredana Brumetz,,4 V 0,4.0,0.0,Tarja Salminen
Womens WDF Europe Cup,1998-09-23,https://www.dartsdatabase.co.uk/display-event.php?eid=3568&tna=Womens WDF Europe Cup&eda=23/09/1998,Last 16,Mette Engen-Hansen,,Anne Kirk,,4 V 2,4.0,2.0,Mette Engen-Hansen
Womens WDF Europe Cup,1998-09-23,https://www.dartsdatabase.co.uk/display-event.php?eid=3568&tna=Womens WDF Europe Cup&eda=23/09/1998,Last 16,Valery Maytum,,Grace Crane,,4 V 2,4.0,2.0,Valery Maytum
Womens WDF Europe Cup,1998-09-23,https://www.dartsdatabase.co.uk/display-event.php?eid=3568&tna=Womens WDF Europe Cup&eda=23/09/1998,Last 16,Denise Cassidy,,Heike Ernst,,4 V 2,4.0,2.0,Denise Cassidy
Womens WDF Europe Cup,1998-09-23,https://www.dartsdatabase.co.uk/display-event.php?eid=3568&tna=Womens WDF Europe Cup&eda=23/09/1998,Last 16,Mieke de Boer,,Vladimira Dudkova,,4 V 0,4.0,0.0,Mieke de Boer
Womens WDF Europe Cup,1998-09-23,https://www.dartsdatabase.co.uk/display-event.php?eid=3568&tna=Womens WDF Europe Cup&eda=23/09/1998,Last 16,Annette Hakonsen,,Tove Vestrum,,4 V 3,4.0,3.0,Annette Hakonsen
Womens WDF Europe Cup,1998-09-23,https://www.dartsdatabase.co.uk/display-event.php?eid=3568&tna=Womens WDF Europe Cup&eda=23/09/1998,Last 16,Trina Gulliver-MBE,,Heli Chavanainen,,4 V 0,4.0,0.0,Trina Gulliver-MBE
Womens WDF Europe Cup,1998-09-23,https://www.dartsdatabase.co.uk/display-event.php?eid=3568&tna=Womens WDF Europe Cup&eda=23/09/1998,Quarter Final,Mandy Solomonds,,Tarja Salminen,,4 V 3,4.0,3.0,Mandy Solomonds
Womens WDF Europe Cup,1998-09-23,https://www.dartsdatabase.co.uk/display-event.php?eid=3568&tna=Womens WDF Europe Cup&eda=23/09/1998,Quarter Final,Mette Engen-Hansen,,Valery Maytum,,4 V 0,4.0,0.0,Mette Engen-Hansen
Womens WDF Europe Cup,1998-09-23,https://www.dartsdatabase.co.uk/display-event.php?eid=3568&tna=Womens WDF Europe Cup&eda=23/09/1998,Quarter Final,Denise Cassidy,,Mieke de Boer,,4 V 2,4.0,2.0,Denise Cassidy
Womens WDF Europe Cup,1998-09-23,https://www.dartsdatabase.co.uk/display-event.php?eid=3568&tna=Womens WDF Europe Cup&eda=23/09/1998,Quarter Final,Trina Gulliver-MBE,,Annette Hakonsen,,4 V 0,4.0,0.0,Trina Gulliver-MBE
Womens WDF Europe Cup,1998-09-23,https://www.dartsdatabase.co.uk/display-event.php?eid=3568&tna=Womens WDF Europe Cup&eda=23/09/1998,Semi Final,Mandy Solomonds,,Mette Engen-Hansen,,4 V 2,4.0,2.0,Mandy Solomonds
Womens WDF Europe Cup,1998-09-23,https://www.dartsdatabase.co.uk/display-event.php?eid=3568&tna=Womens WDF Europe Cup&eda=23/09/1998,Semi Final,Denise Cassidy,,Trina Gulliver-MBE,,4 V 3,4.0,3.0,Denise Cassidy
Womens WDF Europe Cup,1998-09-23,https://www.dartsdatabase.co.uk/display-event.php?eid=3568&tna=Womens WDF Europe Cup&eda=23/09/1998,Final,Denise Cassidy,,Mandy Solomonds,,4 V 1,4.0,1.0,Denise Cassidy
WDF Europe Cup Singles,1998-09-23,https://www.dartsdatabase.co.uk/display-event.php?eid=955&tna=WDF Europe Cup Singles&eda=23/09/1998,Last 64,Frede Johansen,,Brendan Grace,,4 V 0,4.0,0.0,Frede Johansen
Womens WDF Europe Cup,1998-09-23,https://www.dartsdatabase.co.uk/display-event.php?eid=3568&tna=Womens WDF Europe Cup&eda=23/09/1998,Last 16,Mandy Solomonds,,Sandra Greatbatch,,4 V 2,4.0,2.0,Mandy Solomonds
WDF Europe Cup Singles,1998-09-23,https://www.dartsdatabase.co.uk/display-event.php?eid=955&tna=WDF Europe Cup Singles&eda=23/09/1998,Last 32,Richie Davies,,Peter Johnstone,,4 V 2,4.0,2.0,Richie Davies
WDF Europe Cup Singles,1998-09-23,https://www.dartsdatabase.co.uk/display-event.php?eid=955&tna=WDF Europe Cup Singles&eda=23/09/1998,Last 16,Marshall James,,Marko Kantele,,4 V 2,4.0,2.0,Marshall James
WDF Europe Cup Singles,1998-09-23,https://www.dartsdatabase.co.uk/display-event.php?eid=955&tna=WDF Europe Cup Singles&eda=23/09/1998,Last 32,Tanguy Borra,,Stefan Nagy,,4 V 1,4.0,1.0,Tanguy Borra
WDF Europe Cup Singles,1998-09-23,https://www.dartsdatabase.co.uk/display-event.php?eid=955&tna=WDF Europe Cup Singles&eda=23/09/1998,Last 32,Bjarne Iversen,,Keivo Survonen,,4 V 2,4.0,2.0,Bjarne Iversen
WDF Europe Cup Singles,1998-09-23,https://www.dartsdatabase.co.uk/display-event.php?eid=955&tna=WDF Europe Cup Singles&eda=23/09/1998,Last 64,Stefan Nagy,,Jaroslav Mottl,,4 V 1,4.0,1.0,Stefan Nagy
WDF Europe Cup Singles,1998-09-23,https://www.dartsdatabase.co.uk/display-event.php?eid=955&tna=WDF Europe Cup Singles&eda=23/09/1998,Last 64,Tanguy Borra,,John Demicoli,,4 V 0,4.0,0.0,Tanguy Borra
WDF Europe Cup Singles,1998-09-23,https://www.dartsdatabase.co.uk/display-event.php?eid=955&tna=WDF Europe Cup Singles&eda=23/09/1998,Last 64,Jack McKenna,,Brian Buur,,4 V 2,4.0,2.0,Jack McKenna
WDF Europe Cup Singles,1998-09-23,https://www.dartsdatabase.co.uk/display-event.php?eid=955&tna=WDF Europe Cup Singles&eda=23/09/1998,Last 64,Colin Rice,,Kyriakos Anastasiadis,,4 V 0,4.0,0.0,Colin Rice
WDF Europe Cup Singles,1998-09-23,https://www.dartsdatabase.co.uk/display-event.php?eid=955&tna=WDF Europe Cup Singles&eda=23/09/1998,Last 64,Les Wallace,,Rene Handschin,,4 V 0,4.0,0.0,Les Wallace
WDF Europe Cup Singles,1998-09-23,https://www.dartsdatabase.co.uk/display-event.php?eid=955&tna=WDF Europe Cup Singles&eda=23/09/1998,Last 64,Keivo Survonen,,Demetris Georgiou,,4 V 2,4.0,2.0,Keivo Survonen
WDF Europe Cup Singles,1998-09-23,https://www.dartsdatabase.co.uk/display-event.php?eid=955&tna=WDF Europe Cup Singles&eda=23/09/1998,Last 64,Brian Elder,,Ivars Adamson,,4 V 2,4.0,2.0,Brian Elder
WDF Europe Cup Singles,1998-09-23,https://www.dartsdatabase.co.uk/display-event.php?eid=955&tna=WDF Europe Cup Singles&eda=23/09/1998,Last 64,Richard Reitveld,,Pascal Fontaine,,4 V 0,4.0,0.0,Richard Reitveld
WDF Europe Cup Singles,1998-09-23,https://www.dartsdatabase.co.uk/display-event.php?eid=955&tna=WDF Europe Cup Singles&eda=23/09/1998,Last 64,Martin Phillips,,Paolo Urbani,,4 V 2,4.0,2.0,Martin Phillips
WDF Europe Cup Singles,1998-09-23,https://www.dartsdatabase.co.uk/display-event.php?eid=955&tna=WDF Europe Cup Singles&eda=23/09/1998,Last 64,Chris van den Bergh,,Paul Sertin,,4 V 0,4.0,0.0,Chris van den Bergh
WDF Europe Cup Singles,1998-09-23,https://www.dartsdatabase.co.uk/display-event.php?eid=955&tna=WDF Europe Cup Singles&eda=23/09/1998,Last 64,Bob Taylor,,Loris Polese,,4 V 1,4.0,1.0,Bob Taylor
WDF Europe Cup Singles,1998-09-23,https://www.dartsdatabase.co.uk/display-event.php?eid=955&tna=WDF Europe Cup Singles&eda=23/09/1998,Last 64,Sean Palfrey,,Throstur Ingimarsson,,4 V 0,4.0,0.0,Sean Palfrey
WDF Europe Cup Singles,1998-09-23,https://www.dartsdatabase.co.uk/display-event.php?eid=955&tna=WDF Europe Cup Singles&eda=23/09/1998,Last 64,Co Stompe,,Stelios Laskaris,,4 V 0,4.0,0.0,Co Stompe
WDF Europe Cup Singles,1998-09-23,https://www.dartsdatabase.co.uk/display-event.php?eid=955&tna=WDF Europe Cup Singles&eda=23/09/1998,Last 64,Andy Fordham,,Peter Sjoberg,,4 V 1,4.0,1.0,Andy Fordham
WDF Europe Cup Singles,1998-09-23,https://www.dartsdatabase.co.uk/display-event.php?eid=955&tna=WDF Europe Cup Singles&eda=23/09/1998,Last 64,Peter Johnstone,,Tony Dawkins,,4 V 2,4.0,2.0,Peter Johnstone
WDF Europe Cup Singles,1998-09-23,https://www.dartsdatabase.co.uk/display-event.php?eid=955&tna=WDF Europe Cup Singles&eda=23/09/1998,Last 64,Bjarne Iversen,,Beat Basler,,4 V 2,4.0,2.0,Bjarne Iversen
WDF Europe Cup Singles,1998-09-23,https://www.dartsdatabase.co.uk/display-event.php?eid=955&tna=WDF Europe Cup Singles&eda=23/09/1998,Last 64,Louis Doherty,,Levente Szekely,,4 V 0,4.0,0.0,Louis Doherty
WDF Europe Cup Singles,1998-09-23,https://www.dartsdatabase.co.uk/display-event.php?eid=955&tna=WDF Europe Cup Singles&eda=23/09/1998,Last 32,Colin Rice,,Jack McKenna,,4 V 3,4.0,3.0,Colin Rice
WDF Europe Cup Singles,1998-09-23,https://www.dartsdatabase.co.uk/display-event.php?eid=955&tna=WDF Europe Cup Singles&eda=23/09/1998,Last 32,Les Wallace,,Brian Elder,,4 V 1,4.0,1.0,Les Wallace
WDF Europe Cup Singles,1998-09-23,https://www.dartsdatabase.co.uk/display-event.php?eid=955&tna=WDF Europe Cup Singles&eda=23/09/1998,Last 32,Andy Fordham,,Richard Reitveld,,4 V 1,4.0,1.0,Andy Fordham
WDF Europe Cup Singles,1998-09-23,https://www.dartsdatabase.co.uk/display-event.php?eid=955&tna=WDF Europe Cup Singles&eda=23/09/1998,Last 64,Richie Davies,,Steve Beaton,,4 V 3,4.0,3.0,Richie Davies
WDF Europe Cup Singles,1998-09-23,https://www.dartsdatabase.co.uk/display-event.php?eid=955&tna=WDF Europe Cup Singles&eda=23/09/1998,Last 32,Sean Palfrey,,Bob Taylor,,4 V 3,4.0,3.0,Sean Palfrey
WDF Europe Cup Singles,1998-09-23,https://www.dartsdatabase.co.uk/display-event.php?eid=955&tna=WDF Europe Cup Singles&eda=23/09/1998,Last 32,Co Stompe,,Peter Brolin,,4 V 0,4.0,0.0,Co Stompe
WDF Europe Cup Singles,1998-09-23,https://www.dartsdatabase.co.uk/display-event.php?eid=955&tna=WDF Europe Cup Singles&eda=23/09/1998,Last 32,Martin Phillips,,Chris van den Bergh,,4 V 3,4.0,3.0,Martin Phillips
WDF Europe Cup Singles,1998-09-23,https://www.dartsdatabase.co.uk/display-event.php?eid=955&tna=WDF Europe Cup Singles&eda=23/09/1998,Last 32,John Elder,,Andreas Krockel,,4 V 1,4.0,1.0,John Elder
WDF Europe Cup Singles,1998-09-23,https://www.dartsdatabase.co.uk/display-event.php?eid=955&tna=WDF Europe Cup Singles&eda=23/09/1998,Last 32,Martin Adams,,Terje Deras,,4 V 3,4.0,3.0,Martin Adams
WDF Europe Cup Singles,1998-09-23,https://www.dartsdatabase.co.uk/display-event.php?eid=955&tna=WDF Europe Cup Singles&eda=23/09/1998,Last 32,Raymond van Barneveld,,Erik Clarys,,4 V 2,4.0,2.0,Raymond van Barneveld
WDF Europe Cup Singles,1998-09-23,https://www.dartsdatabase.co.uk/display-event.php?eid=955&tna=WDF Europe Cup Singles&eda=23/09/1998,Last 32,Marko Kantele,,George Trypiniotis,,4 V 0,4.0,0.0,Marko Kantele
WDF Europe Cup Singles,1998-09-23,https://www.dartsdatabase.co.uk/display-event.php?eid=955&tna=WDF Europe Cup Singles&eda=23/09/1998,Last 32,Marshall James,,John Magowan,,4 V 2,4.0,2.0,Marshall James
WDF Europe Cup Singles,1998-09-23,https://www.dartsdatabase.co.uk/display-event.php?eid=955&tna=WDF Europe Cup Singles&eda=23/09/1998,Last 64,Roland Scholten,,Arne Sivertsen,,4 V 1,4.0,1.0,Roland Scholten
WDF Europe Cup Singles,1998-09-23,https://www.dartsdatabase.co.uk/display-event.php?eid=955&tna=WDF Europe Cup Singles&eda=23/09/1998,Last 32,Jarkko Komula,,Frede Johansen,,4 V 2,4.0,2.0,Jarkko Komula
World Grand Prix,1998-10-18,https://www.dartsdatabase.co.uk/display-event.php?eid=259&tna=World Grand Prix&eda=18/10/1998,Last 16,Shayne Burgess,,Alan Warriner-Little,,11 V 7,11.0,7.0,Shayne Burgess
World Grand Prix,1998-10-18,https://www.dartsdatabase.co.uk/display-event.php?eid=259&tna=World Grand Prix&eda=18/10/1998,Last 16,Peter Manley,,Peter Evison,,11 V 5,11.0,5.0,Peter Manley
World Grand Prix,1998-10-18,https://www.dartsdatabase.co.uk/display-event.php?eid=259&tna=World Grand Prix&eda=18/10/1998,Last 16,Dennis Priestley,,Keith Deller,,11 V 9,11.0,9.0,Dennis Priestley
World Grand Prix,1998-10-18,https://www.dartsdatabase.co.uk/display-event.php?eid=259&tna=World Grand Prix&eda=18/10/1998,Last 16,Graeme Stoddart,,Paul Lim,,11 V 4,11.0,4.0,Graeme Stoddart
World Grand Prix,1998-10-18,https://www.dartsdatabase.co.uk/display-event.php?eid=259&tna=World Grand Prix&eda=18/10/1998,Last 16,Phil Taylor,,Steve Brown (US),,11 V 2,11.0,2.0,Phil Taylor
World Grand Prix,1998-10-18,https://www.dartsdatabase.co.uk/display-event.php?eid=259&tna=World Grand Prix&eda=18/10/1998,Last 16,Gary Mawson,,Bob Anderson,,11 V 10,11.0,10.0,Gary Mawson
World Grand Prix,1998-10-18,https://www.dartsdatabase.co.uk/display-event.php?eid=259&tna=World Grand Prix&eda=18/10/1998,Last 16,Rod Harrington,,Mick Manning,,11 V 5,11.0,5.0,Rod Harrington
World Grand Prix,1998-10-18,https://www.dartsdatabase.co.uk/display-event.php?eid=259&tna=World Grand Prix&eda=18/10/1998,Quarter Final,Peter Manley,,Dennis Priestley,,11 V 8,11.0,8.0,Peter Manley
World Grand Prix,1998-10-18,https://www.dartsdatabase.co.uk/display-event.php?eid=259&tna=World Grand Prix&eda=18/10/1998,Final,Phil Taylor,,Rod Harrington,,13 V 8,13.0,8.0,Phil Taylor
World Grand Prix,1998-10-18,https://www.dartsdatabase.co.uk/display-event.php?eid=259&tna=World Grand Prix&eda=18/10/1998,Semi Final,Rod Harrington,,Peter Manley,,11 V 8,11.0,8.0,Rod Harrington
World Grand Prix,1998-10-18,https://www.dartsdatabase.co.uk/display-event.php?eid=259&tna=World Grand Prix&eda=18/10/1998,Semi Final,Phil Taylor,,Shayne Burgess,,11 V 2,11.0,2.0,Phil Taylor
World Grand Prix,1998-10-18,https://www.dartsdatabase.co.uk/display-event.php?eid=259&tna=World Grand Prix&eda=18/10/1998,Last 16,John Lowe,,John Part,,11 V 5,11.0,5.0,John Lowe
World Grand Prix,1998-10-18,https://www.dartsdatabase.co.uk/display-event.php?eid=259&tna=World Grand Prix&eda=18/10/1998,Quarter Final,Rod Harrington,,Graeme Stoddart,,11 V 5,11.0,5.0,Rod Harrington
World Grand Prix,1998-10-18,https://www.dartsdatabase.co.uk/display-event.php?eid=259&tna=World Grand Prix&eda=18/10/1998,Quarter Final,Phil Taylor,,John Lowe,,11 V 4,11.0,4.0,Phil Taylor
World Grand Prix,1998-10-18,https://www.dartsdatabase.co.uk/display-event.php?eid=259&tna=World Grand Prix&eda=18/10/1998,Quarter Final,Shayne Burgess,,Gary Mawson,,11 V 4,11.0,4.0,Shayne Burgess
Malta Open,1998-11-12,https://www.dartsdatabase.co.uk/display-event.php?eid=9814&tna=Malta Open&eda=12/11/1998,Final,Gary Spedding,,Gunnar Glaso,,2 V 0,2.0,0.0,Gary Spedding
Mill Rythe Darts Festival,1998-11-15,https://www.dartsdatabase.co.uk/display-event.php?eid=2563&tna=Mill Rythe Darts Festival&eda=15/11/1998,Final,Andy Jenkins,90.21,Paul Hogan,86.58,4 V 2,4.0,2.0,Andy Jenkins
Mill Rythe Darts Festival,1998-11-15,https://www.dartsdatabase.co.uk/display-event.php?eid=2563&tna=Mill Rythe Darts Festival&eda=15/11/1998,Semi Final,Andy Jenkins,85.14,Ged Harrop,75.0,4 V 1,4.0,1.0,Andy Jenkins
Mill Rythe Darts Festival,1998-11-15,https://www.dartsdatabase.co.uk/display-event.php?eid=2563&tna=Mill Rythe Darts Festival&eda=15/11/1998,Semi Final,Paul Hogan,78.99,Mick Cookman,81.0,4 V 2,4.0,2.0,Paul Hogan
World Masters,1998-11-28,https://www.dartsdatabase.co.uk/display-event.php?eid=280&tna=World Masters&eda=28/11/1998,Last 128,Ian Phillips,,Paul Kemprey,,2 V 0,2.0,0.0,Ian Phillips
World Masters,1998-11-28,https://www.dartsdatabase.co.uk/display-event.php?eid=280&tna=World Masters&eda=28/11/1998,Last 128,Rudy Delannoy,,Brad Wethington,,2 V 0,2.0,0.0,Rudy Delannoy
World Masters,1998-11-28,https://www.dartsdatabase.co.uk/display-event.php?eid=280&tna=World Masters&eda=28/11/1998,Last 128,Gary Hewit,,Gregorio Garcia,,2 V 0,2.0,0.0,Gary Hewit
World Masters,1998-11-28,https://www.dartsdatabase.co.uk/display-event.php?eid=280&tna=World Masters&eda=28/11/1998,Last 128,Tom Aldridge,,Urs Von Rufs,,2 V 1,2.0,1.0,Tom Aldridge
World Masters,1998-11-28,https://www.dartsdatabase.co.uk/display-event.php?eid=280&tna=World Masters&eda=28/11/1998,Last 128,Alex Roy,,Peter Brolin,,2 V 1,2.0,1.0,Alex Roy
World Masters,1998-11-28,https://www.dartsdatabase.co.uk/display-event.php?eid=280&tna=World Masters&eda=28/11/1998,Last 128,Roland Scholten,,Joe Belm,,2 V 0,2.0,0.0,Roland Scholten
World Masters,1998-11-28,https://www.dartsdatabase.co.uk/display-event.php?eid=280&tna=World Masters&eda=28/11/1998,Last 128,Marshall James,,Leslie Ward,,2 V 0,2.0,0.0,Marshall James
World Masters,1998-11-28,https://www.dartsdatabase.co.uk/display-event.php?eid=280&tna=World Masters&eda=28/11/1998,Last 128,Reg Harding,,Colin Ford,,2 V 0,2.0,0.0,Reg Harding
World Masters,1998-11-28,https://www.dartsdatabase.co.uk/display-event.php?eid=280&tna=World Masters&eda=28/11/1998,Last 128,Robbie Widdows,,Juan Pedro Ruiz,,2 V 0,2.0,0.0,Robbie Widdows
World Masters,1998-11-28,https://www.dartsdatabase.co.uk/display-event.php?eid=280&tna=World Masters&eda=28/11/1998,Last 128,Brendan Grace,,Brian Dougherty,,2 V 1,2.0,1.0,Brendan Grace
World Masters,1998-11-28,https://www.dartsdatabase.co.uk/display-event.php?eid=280&tna=World Masters&eda=28/11/1998,Last 128,Peter Manley,,Pierre de Michelis,,2 V 0,2.0,0.0,Peter Manley
World Masters,1998-11-28,https://www.dartsdatabase.co.uk/display-event.php?eid=280&tna=World Masters&eda=28/11/1998,Last 128,Jukka Pohjanen,,Mauro Romani,,2 V 0,2.0,0.0,Jukka Pohjanen
World Masters,1998-11-28,https://www.dartsdatabase.co.uk/display-event.php?eid=280&tna=World Masters&eda=28/11/1998,Last 128,Mervyn King,,Gaudenz Coray,,2 V 0,2.0,0.0,Mervyn King
World Masters,1998-11-28,https://www.dartsdatabase.co.uk/display-event.php?eid=280&tna=World Masters&eda=28/11/1998,Last 128,Vidar Nilsen,,Andy Hayfield,,2 V 1,2.0,1.0,Vidar Nilsen
World Masters,1998-11-28,https://www.dartsdatabase.co.uk/display-event.php?eid=280&tna=World Masters&eda=28/11/1998,Last 128,Andreas Krockel,,Jan Mares,,2 V 0,2.0,0.0,Andreas Krockel
World Masters,1998-11-28,https://www.dartsdatabase.co.uk/display-event.php?eid=280&tna=World Masters&eda=28/11/1998,Last 128,Ronnie Baxter,,Paulo Trindade,,2 V 0,2.0,0.0,Ronnie Baxter
World Masters,1998-11-28,https://www.dartsdatabase.co.uk/display-event.php?eid=280&tna=World Masters&eda=28/11/1998,Last 128,John Burke,,Jean-Luc Mortelec,,2 V 0,2.0,0.0,John Burke
World Masters,1998-11-28,https://www.dartsdatabase.co.uk/display-event.php?eid=280&tna=World Masters&eda=28/11/1998,Last 128,Blaine Karst,,Igor Svorc,,2 V 0,2.0,0.0,Blaine Karst
World Masters,1998-11-28,https://www.dartsdatabase.co.uk/display-event.php?eid=280&tna=World Masters&eda=28/11/1998,Last 128,Brian Cyr,,Mario Quintos,,2 V 1,2.0,1.0,Brian Cyr
World Masters,1998-11-28,https://www.dartsdatabase.co.uk/display-event.php?eid=280&tna=World Masters&eda=28/11/1998,Last 128,Beat Basler,,Aaron Turner,,2 V 0,2.0,0.0,Beat Basler
World Masters,1998-11-28,https://www.dartsdatabase.co.uk/display-event.php?eid=280&tna=World Masters&eda=28/11/1998,Last 128,Bert Vlaardingerbroek,,Eric Asquez,,2 V 0,2.0,0.0,Bert Vlaardingerbroek
World Masters,1998-11-28,https://www.dartsdatabase.co.uk/display-event.php?eid=280&tna=World Masters&eda=28/11/1998,Last 128,Richie Davies,,Pascal Fontaine,,2 V 0,2.0,0.0,Richie Davies
World Masters,1998-11-28,https://www.dartsdatabase.co.uk/display-event.php?eid=280&tna=World Masters&eda=28/11/1998,Last 128,Geoff Wylie,,Robert Wagner,,2 V 1,2.0,1.0,Geoff Wylie
World Masters,1998-11-28,https://www.dartsdatabase.co.uk/display-event.php?eid=280&tna=World Masters&eda=28/11/1998,Last 192,Richie Burnett,,Franz Thaler,,2 V 0,2.0,0.0,Richie Burnett
World Masters,1998-11-28,https://www.dartsdatabase.co.uk/display-event.php?eid=280&tna=World Masters&eda=28/11/1998,Last 128,Gary Fenn,,Al Dorn,,2 V 1,2.0,1.0,Gary Fenn
World Masters,1998-11-28,https://www.dartsdatabase.co.uk/display-event.php?eid=280&tna=World Masters&eda=28/11/1998,Last 128,Ted Hankey,,Bob Blackshaw,,2 V 0,2.0,0.0,Ted Hankey
World Masters,1998-11-28,https://www.dartsdatabase.co.uk/display-event.php?eid=280&tna=World Masters&eda=28/11/1998,Last 128,Brian Roach,,Luigi Marino,,2 V 0,2.0,0.0,Brian Roach
World Masters,1998-11-28,https://www.dartsdatabase.co.uk/display-event.php?eid=280&tna=World Masters&eda=28/11/1998,Last 128,Johnn Snijers,,Alan Brown (Sco),,2 V 1,2.0,1.0,Johnn Snijers
World Masters,1998-11-28,https://www.dartsdatabase.co.uk/display-event.php?eid=280&tna=World Masters&eda=28/11/1998,Last 128,Kevin Painter,,Dave Harold,,2 V 1,2.0,1.0,Kevin Painter
World Masters,1998-11-28,https://www.dartsdatabase.co.uk/display-event.php?eid=280&tna=World Masters&eda=28/11/1998,Last 128,Victor Liz,,Graham Hunt,,2 V 1,2.0,1.0,Victor Liz
World Masters,1998-11-28,https://www.dartsdatabase.co.uk/display-event.php?eid=280&tna=World Masters&eda=28/11/1998,Last 128,Rene Haudschien,,John Cunningham,,2 V 1,2.0,1.0,Rene Haudschien
World Masters,1998-11-28,https://www.dartsdatabase.co.uk/display-event.php?eid=280&tna=World Masters&eda=28/11/1998,Last 128,Les Wallace,,Arnold Anderwald,,2 V 0,2.0,0.0,Les Wallace
World Masters,1998-11-28,https://www.dartsdatabase.co.uk/display-event.php?eid=280&tna=World Masters&eda=28/11/1998,Last 128,John Part,,Dave Solly,,2 V 0,2.0,0.0,John Part
World Masters,1998-11-28,https://www.dartsdatabase.co.uk/display-event.php?eid=280&tna=World Masters&eda=28/11/1998,Last 128,Andy Jenkins,,Brian Elder,,2 V 0,2.0,0.0,Andy Jenkins
World Masters,1998-11-28,https://www.dartsdatabase.co.uk/display-event.php?eid=280&tna=World Masters&eda=28/11/1998,Last 128,Alex Lister,,Gordon Stanmore,,2 V 0,2.0,0.0,Alex Lister
World Masters,1998-11-28,https://www.dartsdatabase.co.uk/display-event.php?eid=280&tna=World Masters&eda=28/11/1998,Last 128,Terry Jenkins,,John Verwey,,2 V 0,2.0,0.0,Terry Jenkins
World Masters,1998-11-28,https://www.dartsdatabase.co.uk/display-event.php?eid=280&tna=World Masters&eda=28/11/1998,Last 128,Paul Hogan,,Panicos Hadjigergiou,,2 V 0,2.0,0.0,Paul Hogan
World Masters,1998-11-28,https://www.dartsdatabase.co.uk/display-event.php?eid=280&tna=World Masters&eda=28/11/1998,Last 128,Alan Warriner-Little,,John Magowan,,2 V 0,2.0,0.0,Alan Warriner-Little
World Masters,1998-11-28,https://www.dartsdatabase.co.uk/display-event.php?eid=280&tna=World Masters&eda=28/11/1998,Last 128,John Walton,,Peter McLean,,2 V 0,2.0,0.0,John Walton
World Masters,1998-11-28,https://www.dartsdatabase.co.uk/display-event.php?eid=280&tna=World Masters&eda=28/11/1998,Last 192,John Burke,,Sulo Suhonen,,2 V 0,2.0,0.0,John Burke
World Masters,1998-11-28,https://www.dartsdatabase.co.uk/display-event.php?eid=280&tna=World Masters&eda=28/11/1998,Last 192,Jukka Pohjanen,,Anders Pedersen,,2 V 0,2.0,0.0,Jukka Pohjanen
World Masters,1998-11-28,https://www.dartsdatabase.co.uk/display-event.php?eid=280&tna=World Masters&eda=28/11/1998,Last 192,Rudy Delannoy,,James Lang,,2 V 0,2.0,0.0,Rudy Delannoy
World Masters,1998-11-28,https://www.dartsdatabase.co.uk/display-event.php?eid=280&tna=World Masters&eda=28/11/1998,Last 192,Tom Aldridge,,Bedrich Zadak,,2 V 0,2.0,0.0,Tom Aldridge
World Masters,1998-11-28,https://www.dartsdatabase.co.uk/display-event.php?eid=280&tna=World Masters&eda=28/11/1998,Last 192,Peter Brolin,,Ian Fryer,,2 V 1,2.0,1.0,Peter Brolin
World Masters,1998-11-28,https://www.dartsdatabase.co.uk/display-event.php?eid=280&tna=World Masters&eda=28/11/1998,Last 192,Andreas Krockel,,Les Hodkinson,,2 V 0,2.0,0.0,Andreas Krockel
World Masters,1998-11-28,https://www.dartsdatabase.co.uk/display-event.php?eid=280&tna=World Masters&eda=28/11/1998,Last 192,Reg Harding,,Paul Watton,,2 V 1,2.0,1.0,Reg Harding
World Masters,1998-11-28,https://www.dartsdatabase.co.uk/display-event.php?eid=280&tna=World Masters&eda=28/11/1998,Last 192,Peter Manley,,Erik Clarys,,2 V 0,2.0,0.0,Peter Manley
World Masters,1998-11-28,https://www.dartsdatabase.co.uk/display-event.php?eid=280&tna=World Masters&eda=28/11/1998,Last 192,Andy Hayfield,,Rafael Ramos,,2 V 0,2.0,0.0,Andy Hayfield
World Masters,1998-11-28,https://www.dartsdatabase.co.uk/display-event.php?eid=280&tna=World Masters&eda=28/11/1998,Last 192,John Part,,Roland Pihs,,2 V 0,2.0,0.0,John Part
World Masters,1998-11-28,https://www.dartsdatabase.co.uk/display-event.php?eid=280&tna=World Masters&eda=28/11/1998,Last 192,Paul Hogan,,Giuseppe Quintiero,,2 V 1,2.0,1.0,Paul Hogan
World Masters,1998-11-28,https://www.dartsdatabase.co.uk/display-event.php?eid=280&tna=World Masters&eda=28/11/1998,Last 192,Rod Harrington,,Chris van den Bergh,,2 V 0,2.0,0.0,Rod Harrington
World Masters,1998-11-28,https://www.dartsdatabase.co.uk/display-event.php?eid=280&tna=World Masters&eda=28/11/1998,Last 192,Velkko Korpi,,Par Riihonen,,2 V 0,2.0,0.0,Velkko Korpi
World Masters,1998-11-28,https://www.dartsdatabase.co.uk/display-event.php?eid=280&tna=World Masters&eda=28/11/1998,Last 192,Alan Warriner-Little,,Eddie le Bailly,,2 V 1,2.0,1.0,Alan Warriner-Little
World Masters,1998-11-28,https://www.dartsdatabase.co.uk/display-event.php?eid=280&tna=World Masters&eda=28/11/1998,Last 128,Peter Johnstone,,Frede Johansen,,2 V 1,2.0,1.0,Peter Johnstone
World Masters,1998-11-28,https://www.dartsdatabase.co.uk/display-event.php?eid=280&tna=World Masters&eda=28/11/1998,Last 192,Les Wallace,,David Cameron,,2 V 0,2.0,0.0,Les Wallace
World Masters,1998-11-28,https://www.dartsdatabase.co.uk/display-event.php?eid=280&tna=World Masters&eda=28/11/1998,Last 192,John Cunningham,,Roland Weiss,,2 V 1,2.0,1.0,John Cunningham
World Masters,1998-11-28,https://www.dartsdatabase.co.uk/display-event.php?eid=280&tna=World Masters&eda=28/11/1998,Last 192,Kevin Painter,,Colin Rice,,2 V 0,2.0,0.0,Kevin Painter
World Masters,1998-11-28,https://www.dartsdatabase.co.uk/display-event.php?eid=280&tna=World Masters&eda=28/11/1998,Last 192,Alan Brown (Sco),,Paul Darmanin,,2 V 0,2.0,0.0,Alan Brown (Sco)
World Masters,1998-11-28,https://www.dartsdatabase.co.uk/display-event.php?eid=280&tna=World Masters&eda=28/11/1998,Last 128,Co Stompe,,Rod Harrington,,2 V 1,2.0,1.0,Co Stompe
World Masters,1998-11-28,https://www.dartsdatabase.co.uk/display-event.php?eid=280&tna=World Masters&eda=28/11/1998,Last 128,Colin Monk,,Joao Rocha,,2 V 0,2.0,0.0,Colin Monk
World Masters,1998-11-28,https://www.dartsdatabase.co.uk/display-event.php?eid=280&tna=World Masters&eda=28/11/1998,Last 128,Richie Burnett,,Bernd Hebecker,,2 V 0,2.0,0.0,Richie Burnett
World Masters,1998-11-28,https://www.dartsdatabase.co.uk/display-event.php?eid=280&tna=World Masters&eda=28/11/1998,Last 128,Danny Cunningham,,David Marienthal,,2 V 0,2.0,0.0,Danny Cunningham
World Masters,1998-11-28,https://www.dartsdatabase.co.uk/display-event.php?eid=280&tna=World Masters&eda=28/11/1998,Last 192,Shawn Brenneman,,Paul Hanvidge,,2 V 1,2.0,1.0,Shawn Brenneman
World Masters,1998-11-28,https://www.dartsdatabase.co.uk/display-event.php?eid=280&tna=World Masters&eda=28/11/1998,Last 192,Peter Sjoberg,,Paul Williams,,2 V 1,2.0,1.0,Peter Sjoberg
World Masters,1998-11-28,https://www.dartsdatabase.co.uk/display-event.php?eid=280&tna=World Masters&eda=28/11/1998,Last 192,Luc Vriesacker,,Reynaldo Ilagan,,2 V 1,2.0,1.0,Luc Vriesacker
World Masters,1998-11-28,https://www.dartsdatabase.co.uk/display-event.php?eid=280&tna=World Masters&eda=28/11/1998,Last 128,Chris Mason,,Mitchell Crooks,,2 V 0,2.0,0.0,Chris Mason
World Masters,1998-11-28,https://www.dartsdatabase.co.uk/display-event.php?eid=280&tna=World Masters&eda=28/11/1998,Last 192,Bill Foot,,Karol Kitchner,,2 V 0,2.0,0.0,Bill Foot
World Masters,1998-11-28,https://www.dartsdatabase.co.uk/display-event.php?eid=280&tna=World Masters&eda=28/11/1998,Last 192,Kevin Phaup,,Jari Nissinen,,2 V 0,2.0,0.0,Kevin Phaup
World Masters,1998-11-28,https://www.dartsdatabase.co.uk/display-event.php?eid=280&tna=World Masters&eda=28/11/1998,Last 192,Beat Basler,,Derek Gabb,,2 V 0,2.0,0.0,Beat Basler
World Masters,1998-11-28,https://www.dartsdatabase.co.uk/display-event.php?eid=280&tna=World Masters&eda=28/11/1998,Last 192,Bert Vlaardingerbroek,,Jaroslav Zenisek,,2 V 0,2.0,0.0,Bert Vlaardingerbroek
World Masters,1998-11-28,https://www.dartsdatabase.co.uk/display-event.php?eid=280&tna=World Masters&eda=28/11/1998,Last 192,Geoff Wylie,,Tom Burquel,,2 V 1,2.0,1.0,Geoff Wylie
World Masters,1998-11-28,https://www.dartsdatabase.co.uk/display-event.php?eid=280&tna=World Masters&eda=28/11/1998,Last 192,Matt Clark,,Ladislav Gazda,,2 V 0,2.0,0.0,Matt Clark
World Masters,1998-11-28,https://www.dartsdatabase.co.uk/display-event.php?eid=280&tna=World Masters&eda=28/11/1998,Last 192,Al Dorn,,Kenneth Klint,,2 V 1,2.0,1.0,Al Dorn
World Masters,1998-11-28,https://www.dartsdatabase.co.uk/display-event.php?eid=280&tna=World Masters&eda=28/11/1998,Last 192,Brian Roach,,Robert-Jan Bartels,,2 V 1,2.0,1.0,Brian Roach
World Masters,1998-11-28,https://www.dartsdatabase.co.uk/display-event.php?eid=280&tna=World Masters&eda=28/11/1998,Last 192,Seamus Gormley,,Dave Eusebini,,2 V 0,2.0,0.0,Seamus Gormley
World Masters,1998-11-28,https://www.dartsdatabase.co.uk/display-event.php?eid=280&tna=World Masters&eda=28/11/1998,Last 128,Les Fitton,,Kevin Phaup,,2 V 0,2.0,0.0,Les Fitton
World Masters,1998-11-28,https://www.dartsdatabase.co.uk/display-event.php?eid=280&tna=World Masters&eda=28/11/1998,Last 64,Julian Bullock,,Peter Sjoberg,,2 V 0,2.0,0.0,Julian Bullock
World Masters,1998-11-28,https://www.dartsdatabase.co.uk/display-event.php?eid=280&tna=World Masters&eda=28/11/1998,Last 128,Michael Wiles,,Vidar Samuelsen,,2 V 0,2.0,0.0,Michael Wiles
World Masters,1998-11-28,https://www.dartsdatabase.co.uk/display-event.php?eid=280&tna=World Masters&eda=28/11/1998,Last 32,Richie Davies,,Matt Clark,,2 V 0,2.0,0.0,Richie Davies
World Masters,1998-11-28,https://www.dartsdatabase.co.uk/display-event.php?eid=280&tna=World Masters&eda=28/11/1998,Last 32,Ted Hankey,,Kevin Painter,,2 V 1,2.0,1.0,Ted Hankey
World Masters,1998-11-28,https://www.dartsdatabase.co.uk/display-event.php?eid=280&tna=World Masters&eda=28/11/1998,Last 32,Les Wallace,,Victor Liz,,2 V 0,2.0,0.0,Les Wallace
World Masters,1998-11-28,https://www.dartsdatabase.co.uk/display-event.php?eid=280&tna=World Masters&eda=28/11/1998,Last 32,Terry Jenkins,,Andy Jenkins,,2 V 0,2.0,0.0,Terry Jenkins
World Masters,1998-11-28,https://www.dartsdatabase.co.uk/display-event.php?eid=280&tna=World Masters&eda=28/11/1998,Last 32,Ronnie Baxter,,Rudy Delannoy,,2 V 0,2.0,0.0,Ronnie Baxter
World Masters,1998-11-28,https://www.dartsdatabase.co.uk/display-event.php?eid=280&tna=World Masters&eda=28/11/1998,Last 32,Steve Beaton,,Alex Roy,,2 V 0,2.0,0.0,Steve Beaton
World Masters,1998-11-28,https://www.dartsdatabase.co.uk/display-event.php?eid=280&tna=World Masters&eda=28/11/1998,Last 32,Marshall James,,Soren Behrendsen,,2 V 0,2.0,0.0,Marshall James
World Masters,1998-11-28,https://www.dartsdatabase.co.uk/display-event.php?eid=280&tna=World Masters&eda=28/11/1998,Last 32,Peter Manley,,Robbie Widdows,,2 V 1,2.0,1.0,Peter Manley
World Masters,1998-11-28,https://www.dartsdatabase.co.uk/display-event.php?eid=280&tna=World Masters&eda=28/11/1998,Last 32,Mervyn King,,Paul Hogan,,2 V 1,2.0,1.0,Mervyn King
World Masters,1998-11-28,https://www.dartsdatabase.co.uk/display-event.php?eid=280&tna=World Masters&eda=28/11/1998,Last 32,Co Stompe,,Chris Mason,,2 V 0,2.0,0.0,Co Stompe
World Masters,1998-11-28,https://www.dartsdatabase.co.uk/display-event.php?eid=280&tna=World Masters&eda=28/11/1998,Last 32,Alan Warriner-Little,,Danny Cunningham,,2 V 0,2.0,0.0,Alan Warriner-Little
World Masters,1998-11-28,https://www.dartsdatabase.co.uk/display-event.php?eid=280&tna=World Masters&eda=28/11/1998,Last 64,Andy Fordham,,Louis Doherty,,2 V 0,2.0,0.0,Andy Fordham
World Masters,1998-11-28,https://www.dartsdatabase.co.uk/display-event.php?eid=280&tna=World Masters&eda=28/11/1998,Last 64,Bjarne Iversen,,Bernardo Caldentey,,2 V 1,2.0,1.0,Bjarne Iversen
World Masters,1998-11-28,https://www.dartsdatabase.co.uk/display-event.php?eid=280&tna=World Masters&eda=28/11/1998,Last 64,Dave Askew,,Raymond van Barneveld,,2 V 1,2.0,1.0,Dave Askew
World Masters,1998-11-28,https://www.dartsdatabase.co.uk/display-event.php?eid=280&tna=World Masters&eda=28/11/1998,Last 64,Martin Adams,,Stig Jorgensen,,2 V 0,2.0,0.0,Martin Adams
World Masters,1998-11-28,https://www.dartsdatabase.co.uk/display-event.php?eid=280&tna=World Masters&eda=28/11/1998,Last 32,Peter Johnstone,,Beat Basler,,2 V 0,2.0,0.0,Peter Johnstone
World Masters,1998-11-28,https://www.dartsdatabase.co.uk/display-event.php?eid=280&tna=World Masters&eda=28/11/1998,Last 32,Bobby George,,Sean Palfrey,,2 V 1,2.0,1.0,Bobby George
World Masters,1998-11-28,https://www.dartsdatabase.co.uk/display-event.php?eid=280&tna=World Masters&eda=28/11/1998,Last 32,Martin Adams,,Andree Welge,,2 V 0,2.0,0.0,Martin Adams
World Masters,1998-11-28,https://www.dartsdatabase.co.uk/display-event.php?eid=280&tna=World Masters&eda=28/11/1998,Last 32,Julian Bullock,,Dave Askew,,2 V 0,2.0,0.0,Julian Bullock
World Masters,1998-11-28,https://www.dartsdatabase.co.uk/display-event.php?eid=280&tna=World Masters&eda=28/11/1998,Final,Les Wallace,,Alan Warriner-Little,,3 V 2,3.0,2.0,Les Wallace
World Masters,1998-11-28,https://www.dartsdatabase.co.uk/display-event.php?eid=280&tna=World Masters&eda=28/11/1998,Semi Final,Les Wallace,,Martin Adams,,3 V 2,3.0,2.0,Les Wallace
World Masters,1998-11-28,https://www.dartsdatabase.co.uk/display-event.php?eid=280&tna=World Masters&eda=28/11/1998,Semi Final,Alan Warriner-Little,,Marshall James,,3 V 2,3.0,2.0,Alan Warriner-Little
World Masters,1998-11-28,https://www.dartsdatabase.co.uk/display-event.php?eid=280&tna=World Masters&eda=28/11/1998,Quarter Final,Martin Adams,,Bjarne Iversen,,3 V 1,3.0,1.0,Martin Adams
World Masters,1998-11-28,https://www.dartsdatabase.co.uk/display-event.php?eid=280&tna=World Masters&eda=28/11/1998,Quarter Final,Les Wallace,,Peter Johnstone,,3 V 1,3.0,1.0,Les Wallace
World Masters,1998-11-28,https://www.dartsdatabase.co.uk/display-event.php?eid=280&tna=World Masters&eda=28/11/1998,Quarter Final,Marshall James,,Ronnie Baxter,,3 V 2,3.0,2.0,Marshall James
World Masters,1998-11-28,https://www.dartsdatabase.co.uk/display-event.php?eid=280&tna=World Masters&eda=28/11/1998,Quarter Final,Alan Warriner-Little,,Mervyn King,,3 V 2,3.0,2.0,Alan Warriner-Little
World Masters,1998-11-28,https://www.dartsdatabase.co.uk/display-event.php?eid=280&tna=World Masters&eda=28/11/1998,Last 64,Andree Welge,,Loris Polese,,2 V 1,2.0,1.0,Andree Welge
World Masters,1998-11-28,https://www.dartsdatabase.co.uk/display-event.php?eid=280&tna=World Masters&eda=28/11/1998,Last 16,Bjarne Iversen,,Julian Bullock,,2 V 1,2.0,1.0,Bjarne Iversen
World Masters,1998-11-28,https://www.dartsdatabase.co.uk/display-event.php?eid=280&tna=World Masters&eda=28/11/1998,Last 16,Peter Johnstone,,Richie Davies,,2 V 0,2.0,0.0,Peter Johnstone
World Masters,1998-11-28,https://www.dartsdatabase.co.uk/display-event.php?eid=280&tna=World Masters&eda=28/11/1998,Last 16,Les Wallace,,Ted Hankey,,2 V 1,2.0,1.0,Les Wallace
World Masters,1998-11-28,https://www.dartsdatabase.co.uk/display-event.php?eid=280&tna=World Masters&eda=28/11/1998,Last 16,Ronnie Baxter,,Terry Jenkins,,2 V 0,2.0,0.0,Ronnie Baxter
World Masters,1998-11-28,https://www.dartsdatabase.co.uk/display-event.php?eid=280&tna=World Masters&eda=28/11/1998,Last 16,Marshall James,,Steve Beaton,,2 V 1,2.0,1.0,Marshall James
World Masters,1998-11-28,https://www.dartsdatabase.co.uk/display-event.php?eid=280&tna=World Masters&eda=28/11/1998,Last 16,Mervyn King,,Peter Manley,,2 V 0,2.0,0.0,Mervyn King
World Masters,1998-11-28,https://www.dartsdatabase.co.uk/display-event.php?eid=280&tna=World Masters&eda=28/11/1998,Last 16,Alan Warriner-Little,,Co Stompe,,2 V 0,2.0,0.0,Alan Warriner-Little
World Masters,1998-11-28,https://www.dartsdatabase.co.uk/display-event.php?eid=280&tna=World Masters&eda=28/11/1998,Last 32,Bjarne Iversen,,Andy Fordham,,2 V 1,2.0,1.0,Bjarne Iversen
World Masters,1998-11-28,https://www.dartsdatabase.co.uk/display-event.php?eid=280&tna=World Masters&eda=28/11/1998,Last 16,Martin Adams,,Bobby George,,2 V 0,2.0,0.0,Martin Adams
World Masters,1998-11-28,https://www.dartsdatabase.co.uk/display-event.php?eid=280&tna=World Masters&eda=28/11/1998,Last 128,Bobby George,,Paul Whitehead,,2 V 0,2.0,0.0,Bobby George
World Masters,1998-11-28,https://www.dartsdatabase.co.uk/display-event.php?eid=280&tna=World Masters&eda=28/11/1998,Last 64,Sean Palfrey,,Michael Wiles,,2 V 0,2.0,0.0,Sean Palfrey
World Masters,1998-11-28,https://www.dartsdatabase.co.uk/display-event.php?eid=280&tna=World Masters&eda=28/11/1998,Last 64,Peter Johnstone,,Brian Cyr,,2 V 0,2.0,0.0,Peter Johnstone
World Masters,1998-11-28,https://www.dartsdatabase.co.uk/display-event.php?eid=280&tna=World Masters&eda=28/11/1998,Last 64,Co Stompe,,Velkko Korpi,,2 V 0,2.0,0.0,Co Stompe
World Masters,1998-11-28,https://www.dartsdatabase.co.uk/display-event.php?eid=280&tna=World Masters&eda=28/11/1998,Last 64,Alan Warriner-Little,,Colin Monk,,2 V 0,2.0,0.0,Alan Warriner-Little
World Masters,1998-11-28,https://www.dartsdatabase.co.uk/display-event.php?eid=280&tna=World Masters&eda=28/11/1998,Last 64,Danny Cunningham,,Richie Burnett,,2 V 0,2.0,0.0,Danny Cunningham
World Masters,1998-11-28,https://www.dartsdatabase.co.uk/display-event.php?eid=280&tna=World Masters&eda=28/11/1998,Last 128,Andy Fordham,,Nelson Fernandes,,2 V 0,2.0,0.0,Andy Fordham
World Masters,1998-11-28,https://www.dartsdatabase.co.uk/display-event.php?eid=280&tna=World Masters&eda=28/11/1998,Last 128,Louis Doherty,,Robbie Cannell,,2 V 0,2.0,0.0,Louis Doherty
World Masters,1998-11-28,https://www.dartsdatabase.co.uk/display-event.php?eid=280&tna=World Masters&eda=28/11/1998,Last 128,Bjarne Iversen,,Shawn Brenneman,,2 V 1,2.0,1.0,Bjarne Iversen
World Masters,1998-11-28,https://www.dartsdatabase.co.uk/display-event.php?eid=280&tna=World Masters&eda=28/11/1998,Last 128,Raymond van Barneveld,,Jacques Langston,,2 V 0,2.0,0.0,Raymond van Barneveld
World Masters,1998-11-28,https://www.dartsdatabase.co.uk/display-event.php?eid=280&tna=World Masters&eda=28/11/1998,Last 128,Dave Askew,,Scott Wollaston,,2 V 0,2.0,0.0,Dave Askew
World Masters,1998-11-28,https://www.dartsdatabase.co.uk/display-event.php?eid=280&tna=World Masters&eda=28/11/1998,Last 128,Peter Sjoberg,,Justin Broton,,2 V 0,2.0,0.0,Peter Sjoberg
World Masters,1998-11-28,https://www.dartsdatabase.co.uk/display-event.php?eid=280&tna=World Masters&eda=28/11/1998,Last 128,Julian Bullock,,Luc Vriesacker,,2 V 0,2.0,0.0,Julian Bullock
World Masters,1998-11-28,https://www.dartsdatabase.co.uk/display-event.php?eid=280&tna=World Masters&eda=28/11/1998,Last 128,Martin Adams,,Steve Alker,,2 V 0,2.0,0.0,Martin Adams
World Masters,1998-11-28,https://www.dartsdatabase.co.uk/display-event.php?eid=280&tna=World Masters&eda=28/11/1998,Last 128,Stig Jorgensen,,Oldrich Sulc,,2 V 0,2.0,0.0,Stig Jorgensen
World Masters,1998-11-28,https://www.dartsdatabase.co.uk/display-event.php?eid=280&tna=World Masters&eda=28/11/1998,Last 128,Loris Polese,,Bill Foot,,2 V 1,2.0,1.0,Loris Polese
World Masters,1998-11-28,https://www.dartsdatabase.co.uk/display-event.php?eid=280&tna=World Masters&eda=28/11/1998,Last 128,Andree Welge,,Seamus Gormley,,2 V 1,2.0,1.0,Andree Welge
World Masters,1998-11-28,https://www.dartsdatabase.co.uk/display-event.php?eid=280&tna=World Masters&eda=28/11/1998,Last 128,Sean Palfrey,,Colin Smith,,2 V 0,2.0,0.0,Sean Palfrey
World Masters,1998-11-28,https://www.dartsdatabase.co.uk/display-event.php?eid=280&tna=World Masters&eda=28/11/1998,Last 64,Chris Mason,,John Walton,,2 V 1,2.0,1.0,Chris Mason
World Masters,1998-11-28,https://www.dartsdatabase.co.uk/display-event.php?eid=280&tna=World Masters&eda=28/11/1998,Last 64,Paul Hogan,,John Part,,2 V 0,2.0,0.0,Paul Hogan
World Masters,1998-11-28,https://www.dartsdatabase.co.uk/display-event.php?eid=280&tna=World Masters&eda=28/11/1998,Last 64,Mervyn King,,Vidar Nilsen,,2 V 1,2.0,1.0,Mervyn King
World Masters,1998-11-28,https://www.dartsdatabase.co.uk/display-event.php?eid=280&tna=World Masters&eda=28/11/1998,Last 64,Peter Manley,,Brendan Grace,,2 V 0,2.0,0.0,Peter Manley
World Masters,1998-11-28,https://www.dartsdatabase.co.uk/display-event.php?eid=280&tna=World Masters&eda=28/11/1998,Last 64,Beat Basler,,Bert Vlaardingerbroek,,2 V 1,2.0,1.0,Beat Basler
World Masters,1998-11-28,https://www.dartsdatabase.co.uk/display-event.php?eid=280&tna=World Masters&eda=28/11/1998,Last 64,Richie Davies,,Geoff Wylie,,2 V 1,2.0,1.0,Richie Davies
World Masters,1998-11-28,https://www.dartsdatabase.co.uk/display-event.php?eid=280&tna=World Masters&eda=28/11/1998,Last 64,Matt Clark,,Gary Fenn,,2 V 0,2.0,0.0,Matt Clark
World Masters,1998-11-28,https://www.dartsdatabase.co.uk/display-event.php?eid=280&tna=World Masters&eda=28/11/1998,Last 64,Ted Hankey,,Brian Roach,,2 V 0,2.0,0.0,Ted Hankey
World Masters,1998-11-28,https://www.dartsdatabase.co.uk/display-event.php?eid=280&tna=World Masters&eda=28/11/1998,Last 64,Kevin Painter,,Johnn Snijers,,2 V 0,2.0,0.0,Kevin Painter
World Masters,1998-11-28,https://www.dartsdatabase.co.uk/display-event.php?eid=280&tna=World Masters&eda=28/11/1998,Last 64,Victor Liz,,Rene Haudschien,,2 V 1,2.0,1.0,Victor Liz
World Masters,1998-11-28,https://www.dartsdatabase.co.uk/display-event.php?eid=280&tna=World Masters&eda=28/11/1998,Last 64,Les Wallace,,John Burke,,2 V 1,2.0,1.0,Les Wallace
World Masters,1998-11-28,https://www.dartsdatabase.co.uk/display-event.php?eid=280&tna=World Masters&eda=28/11/1998,Last 64,Bobby George,,Les Fitton,,2 V 0,2.0,0.0,Bobby George
World Masters,1998-11-28,https://www.dartsdatabase.co.uk/display-event.php?eid=280&tna=World Masters&eda=28/11/1998,Last 64,Andy Jenkins,,Alex Lister,,2 V 1,2.0,1.0,Andy Jenkins
World Masters,1998-11-28,https://www.dartsdatabase.co.uk/display-event.php?eid=280&tna=World Masters&eda=28/11/1998,Last 64,Ronnie Baxter,,Jukka Pohjanen,,2 V 0,2.0,0.0,Ronnie Baxter
World Masters,1998-11-28,https://www.dartsdatabase.co.uk/display-event.php?eid=280&tna=World Masters&eda=28/11/1998,Last 64,Rudy Delannoy,,Ian Phillips,,2 V 0,2.0,0.0,Rudy Delannoy
World Masters,1998-11-28,https://www.dartsdatabase.co.uk/display-event.php?eid=280&tna=World Masters&eda=28/11/1998,Last 64,Steve Beaton,,Gary Hewit,,2 V 0,2.0,0.0,Steve Beaton
World Masters,1998-11-28,https://www.dartsdatabase.co.uk/display-event.php?eid=280&tna=World Masters&eda=28/11/1998,Last 64,Alex Roy,,Tom Aldridge,,2 V 1,2.0,1.0,Alex Roy
World Masters,1998-11-28,https://www.dartsdatabase.co.uk/display-event.php?eid=280&tna=World Masters&eda=28/11/1998,Last 64,Marshall James,,Roland Scholten,,2 V 0,2.0,0.0,Marshall James
World Masters,1998-11-28,https://www.dartsdatabase.co.uk/display-event.php?eid=280&tna=World Masters&eda=28/11/1998,Last 64,Soren Behrendsen,,Andreas Krockel,,2 V 1,2.0,1.0,Soren Behrendsen
World Masters,1998-11-28,https://www.dartsdatabase.co.uk/display-event.php?eid=280&tna=World Masters&eda=28/11/1998,Last 64,Robbie Widdows,,Reg Harding,,2 V 0,2.0,0.0,Robbie Widdows
World Masters,1998-11-28,https://www.dartsdatabase.co.uk/display-event.php?eid=280&tna=World Masters&eda=28/11/1998,Last 64,Terry Jenkins,,Blaine Karst,,2 V 0,2.0,0.0,Terry Jenkins
World Masters,1998-11-28,https://www.dartsdatabase.co.uk/display-event.php?eid=280&tna=World Masters&eda=28/11/1998,Last 192,Danny Cunningham,,Andy Smith,,2 V 1,2.0,1.0,Danny Cunningham
World Masters,1998-11-28,https://www.dartsdatabase.co.uk/display-event.php?eid=280&tna=World Masters&eda=28/11/1998,Last 128,Matt Clark,,Jack McKenna,,2 V 1,2.0,1.0,Matt Clark
